128166372003061000,Read,24576,41286,rsrch,7014609920,0
128166372016382000,Read,8192,1963,rsrch,1317441536,0
128166372026382000,Write,4096,1835,rsrch,2436440064,0
128166372036348000,Write,57344,35436,rsrch,3196526592,0
128166372036379000,Write,4096,4626,rsrch,3154132992,0
128166372036382000,Write,4096,1752,rsrch,3154124800,0
128166372053100000,Write,10240,2053,rsrch,7609925632,0
128166372053101000,Write,16384,1691,rsrch,15282630656,0
128166372053101000,Write,16384,1668,rsrch,7612473344,0
128166372053101000,Write,16384,1647,rsrch,15282630656,0
128166372053101000,Write,16384,1637,rsrch,7612456960,0
128166372053101000,Write,512,1554,rsrch,7471816704,0
128166372053101000,Write,4096,1448,rsrch,3299819520,0
128166372053101000,Write,4096,1386,rsrch,3154132992,0
128166372053101000,Write,4096,1309,rsrch,3154137088,0
128166372053101000,Write,4096,1229,rsrch,1278550016,0
128166372053101000,Write,4096,1227,rsrch,3221348352,0
128166372053101000,Write,4096,1177,rsrch,15282630656,0
128166372053101000,Write,4096,1149,rsrch,7471822848,0
128166372053101000,Write,4096,1134,rsrch,3154132992,0
128166372053101000,Write,4096,1129,rsrch,7471818752,0
128166372053101000,Write,4096,1118,rsrch,1278550016,0
128166372053101000,Write,4096,1118,rsrch,3227922432,0
128166372053101000,Write,2048,1117,rsrch,7471826944,0
128166372053101000,Write,4096,1110,rsrch,3221348352,0
128166372053101000,Write,4096,1106,rsrch,1278550016,0
128166372053101000,Write,4096,1102,rsrch,3154137088,0
128166372053101000,Write,1536,1044,rsrch,7471817216,0
128166372053101000,Write,512,987,rsrch,7471816704,0
128166372066382000,Write,4096,1817,rsrch,3154137088,0
128166372066382000,Write,4096,1163,rsrch,1278550016,0
128166372086382000,Write,4096,1845,rsrch,3221245952,0
128166372092163000,Write,4096,1737,rsrch,1696583680,0
128166372092163000,Write,4608,1167,rsrch,1696583680,0
128166372092163000,Write,4096,1116,rsrch,3154132992,0
128166372092163000,Write,4096,1109,rsrch,3154137088,0
128166372092164000,Write,1536,1056,rsrch,130662400,0
128166372092788000,Write,1536,1658,rsrch,4384391168,0
128166372092788000,Write,4096,1133,rsrch,3154132992,0
128166372092788000,Write,4096,1120,rsrch,3154137088,0
128166372092789000,Write,1536,1069,rsrch,2191953920,0
128166372092789000,Write,2048,1042,rsrch,4384391168,0
128166372092944000,Write,1536,1644,rsrch,130662400,0
128166372096381000,Write,4608,2560,rsrch,13226618880,0
128166372096381000,Write,4096,1867,rsrch,13313855488,0
128166372107788000,Write,1536,1718,rsrch,2191953920,0
128166372116381000,Write,8192,1897,rsrch,14068207616,0
128166372116382000,Write,8192,1338,rsrch,17827762176,0
128166372120443000,Write,4096,2923,rsrch,7818829824,0
128166372120443000,Write,4096,2685,rsrch,7818829824,0
128166372120443000,Write,16384,2416,rsrch,13200961536,0
128166372120443000,Write,4096,2279,rsrch,7818776576,0
128166372120444000,Write,4096,1994,rsrch,7818776576,0
128166372120444000,Write,8192,1944,rsrch,17827762176,0
128166372120444000,Write,16384,1792,rsrch,13200961536,0
128166372120444000,Write,16384,1705,rsrch,1705521152,0
128166372120444000,Write,16384,1692,rsrch,1705521152,0
128166372120444000,Write,4096,1663,rsrch,7852126208,0
128166372120444000,Write,8192,1635,rsrch,596987904,0
128166372120444000,Write,4096,1580,rsrch,3154137088,0
128166372120444000,Write,8192,1424,rsrch,2129981440,0
128166372120444000,Write,4096,1379,rsrch,7852126208,0
128166372120444000,Write,8192,1353,rsrch,2129981440,0
128166372120444000,Write,8192,1352,rsrch,596987904,0
128166372120444000,Write,8192,1334,rsrch,17827762176,0
128166372120444000,Write,4096,1306,rsrch,3154132992,0
128166372120444000,Write,4096,1289,rsrch,3154137088,0
128166372120444000,Write,4096,1254,rsrch,3196583936,0
128166372120445000,Write,4096,1196,rsrch,3154132992,0
128166372126381000,Write,1536,1743,rsrch,7774507008,0
128166372136380000,Write,53248,3190,rsrch,3196588032,0
128166372136381000,Write,4096,1811,rsrch,1317445632,0
128166372136382000,Write,4096,1226,rsrch,3154132992,0
128166372136382000,Write,4096,1174,rsrch,3154128896,0
128166372146381000,Write,4096,1868,rsrch,3229667328,0
128166372146382000,Write,8192,1372,rsrch,3225837568,0
128166372146382000,Write,8192,1313,rsrch,6216929280,0
128166372146382000,Write,4096,1229,rsrch,3221536768,0
128166372146382000,Write,4096,1210,rsrch,3243233280,0
128166372146382000,Write,4096,1206,rsrch,3252572160,0
128166372146382000,Write,4096,1196,rsrch,3228045312,0
128166372146382000,Write,4096,1187,rsrch,3276070912,0
128166372146382000,Write,4096,1174,rsrch,3221348352,0
128166372146382000,Write,4096,1168,rsrch,3276083200,0
128166372146382000,Write,4096,1166,rsrch,3302887424,0
128166372146382000,Write,4096,1166,rsrch,3154137088,0
128166372146382000,Write,4096,1165,rsrch,3299819520,0
128166372146382000,Write,4096,1164,rsrch,3276443648,0
128166372156381000,Write,4096,1857,rsrch,8328900608,0
128166372156382000,Write,4096,1185,rsrch,11049758720,0
128166372186379000,Write,49152,3605,rsrch,3196641280,0
128166372186382000,Write,4096,1189,rsrch,3154132992,0
128166372186382000,Write,4096,1165,rsrch,3154124800,0
128166372187318000,Write,16384,2231,rsrch,8587796480,0
128166372187319000,Write,16384,1955,rsrch,8597577728,0
128166372187319000,Write,16384,1814,rsrch,8587796480,0
128166372187319000,Write,16384,1668,rsrch,8588992512,0
128166372187319000,Write,16384,1650,rsrch,8598085632,0
128166372187319000,Write,4096,1649,rsrch,3154132992,0
128166372187319000,Write,512,1555,rsrch,7478116352,0
128166372187319000,Write,4096,1324,rsrch,3196690432,0
128166372187319000,Write,4096,1308,rsrch,3154137088,0
128166372187319000,Write,7680,1282,rsrch,7478116864,0
128166372187319000,Write,4096,1213,rsrch,3154132992,0
128166372187319000,Write,4096,1122,rsrch,7478124544,0
128166372187319000,Write,4096,1117,rsrch,8587796480,0
128166372187319000,Write,4096,1104,rsrch,3154137088,0
128166372187319000,Write,4096,1089,rsrch,7478128640,0
128166372187319000,Write,4096,1089,rsrch,7478132736,0
128166372187319000,Write,4096,1081,rsrch,7478136832,0
128166372187319000,Write,512,1064,rsrch,7478116352,0
128166372195443000,Write,4096,2573,rsrch,15645843456,0
128166372195443000,Write,4096,2536,rsrch,15645843456,0
128166372195443000,Write,8192,2014,rsrch,791154688,0
128166372195444000,Write,4096,1928,rsrch,15123931136,0
128166372195444000,Write,4096,1902,rsrch,15123931136,0
128166372195444000,Write,8192,1717,rsrch,142782464,0
128166372195444000,Write,8192,1581,rsrch,2059427840,0
128166372195444000,Write,4096,1396,rsrch,3154137088,0
128166372195444000,Write,4096,1359,rsrch,3154132992,0
128166372195444000,Write,8192,1351,rsrch,2059427840,0
128166372195444000,Write,8192,1351,rsrch,142782464,0
128166372195444000,Write,8192,1350,rsrch,791154688,0
128166372195444000,Write,4096,1325,rsrch,14759608320,0
128166372195444000,Write,4096,1313,rsrch,14759608320,0
128166372195444000,Write,4096,1305,rsrch,3154137088,0
128166372195444000,Write,4096,1182,rsrch,3154132992,0
128166372236381000,Write,4096,1827,rsrch,957792256,0
128166372236382000,Write,4096,1187,rsrch,971689984,0
128166372236382000,Write,4096,1160,rsrch,1188769792,0
128166372286379000,Write,49152,3530,rsrch,3196694528,0
128166372286382000,Write,4096,1110,rsrch,3154137088,0
128166372286382000,Write,4096,1106,rsrch,3154128896,0
128166372306381000,Write,4096,1712,rsrch,5271453696,0
128166372306381000,Write,4096,1095,rsrch,7475691520,0
128166372306381000,Write,4096,1089,rsrch,7465963520,0
128166372326381000,Write,4096,1699,rsrch,1278550016,0
128166372336379000,Write,49152,3459,rsrch,3196743680,0
128166372336381000,Write,4096,1115,rsrch,3154132992,0
128166372336381000,Write,4096,1108,rsrch,3154124800,0
128166372366381000,Write,4096,1677,rsrch,3299819520,0
128166372366381000,Write,8192,1250,rsrch,6216929280,0
128166372366381000,Write,4096,1109,rsrch,3228045312,0
128166372366381000,Write,4096,1079,rsrch,3302887424,0
128166372386379000,Write,49152,3445,rsrch,3196792832,0
128166372386381000,Write,4096,1111,rsrch,3154137088,0
128166372386381000,Write,4096,1100,rsrch,3154128896,0
128166372420754000,Write,4096,2976,rsrch,7818829824,0
128166372420754000,Write,4096,2796,rsrch,7818829824,0
128166372420755000,Write,16384,2392,rsrch,1705504768,0
128166372420755000,Write,4096,2345,rsrch,7818776576,0
128166372420755000,Write,4096,2070,rsrch,7818776576,0
128166372420755000,Write,16384,1803,rsrch,13200945152,0
128166372420755000,Write,4096,1746,rsrch,7852126208,0
128166372420755000,Write,16384,1694,rsrch,13200945152,0
128166372420755000,Write,16384,1690,rsrch,1705504768,0
128166372420756000,Write,4096,1432,rsrch,7852126208,0
128166372420756000,Write,4096,1178,rsrch,3154132992,0
128166372420756000,Write,4096,1174,rsrch,3154137088,0
128166372420756000,Write,4096,1170,rsrch,3154132992,0
128166372420756000,Write,4096,1165,rsrch,3154137088,0
128166372447630000,Write,6656,2036,rsrch,8762929152,0
128166372447630000,Write,1536,1968,rsrch,15810412544,0
128166372447631000,Write,4096,1179,rsrch,3196841984,0
128166372447631000,Write,4096,1170,rsrch,3154132992,0
128166372447631000,Write,4096,1154,rsrch,3154137088,0
128166372447631000,Write,3072,1120,rsrch,8762933248,0
128166372447631000,Write,1536,1107,rsrch,371318784,0
128166372450755000,Write,6144,1968,rsrch,1782112256,0
128166372454818000,Write,4096,1894,rsrch,3154132992,0
128166372454818000,Write,3584,1733,rsrch,2617413632,0
128166372454818000,Write,16384,1619,rsrch,3196846080,0
128166372454818000,Write,4096,1400,rsrch,3196866560,0
128166372454818000,Write,5632,1300,rsrch,2617413632,0
128166372454818000,Write,4096,1289,rsrch,4382728192,0
128166372454818000,Write,4096,1285,rsrch,3196862464,0
128166372454818000,Write,4096,1175,rsrch,3154132992,0
128166372454818000,Write,4096,1175,rsrch,3154137088,0
128166372454818000,Write,4096,1161,rsrch,3154137088,0
128166372454818000,Write,1536,1158,rsrch,131674112,0
128166372454974000,Write,1536,1676,rsrch,371318784,0
128166372458541000,Read,4096,28344,rsrch,3256299520,0
128166372460754000,Write,4096,2538,rsrch,15739637760,0
128166372460755000,Write,5120,1927,rsrch,13012344832,0
128166372463098000,Read,4096,3111,rsrch,3256307712,0
128166372464149000,Read,4096,45937,rsrch,3222528000,0
128166372466223000,Write,28672,2252,rsrch,3196870656,0
128166372466224000,Write,1536,1581,rsrch,131674112,0
128166372466225000,Write,4096,1139,rsrch,3154132992,0
128166372466647000,Read,3072,47039,rsrch,8950079488,0
128166372467100000,Read,16384,63189,rsrch,1815535616,0
128166372467125000,Read,8704,38618,rsrch,1815760896,0
128166372467156000,Read,65536,7143,rsrch,1815552000,0
128166372467299000,Read,32768,20755,rsrch,1815728128,0
128166372467311000,Read,4096,8051,rsrch,1815764992,0
128166372467315000,Write,512,4091,rsrch,8724254720,0
128166372467315000,Write,65536,3994,rsrch,3196899328,0
128166372467316000,Write,65536,3761,rsrch,3196964864,0
128166372467316000,Write,4096,3727,rsrch,8724267008,0
128166372467316000,Write,3584,3571,rsrch,13801054208,0
128166372467316000,Write,53248,3540,rsrch,3197030400,0
128166372467316000,Write,4096,3538,rsrch,8724471808,0
128166372467316000,Write,8192,3299,rsrch,1317445632,0
128166372467316000,Read,4096,3267,rsrch,1815707648,0
128166372467316000,Write,3584,3207,rsrch,7774507008,0
128166372467316000,Write,4096,3173,rsrch,8725422080,0
128166372467317000,Read,4096,2898,rsrch,1815752704,0
128166372467317000,Write,4096,2822,rsrch,8725905408,0
128166372467317000,Write,2560,2508,rsrch,15590514688,0
128166372467317000,Read,4096,2269,rsrch,1815756800,0
128166372467318000,Write,2048,1827,rsrch,1782116352,0
128166372467318000,Write,1024,1186,rsrch,14221078528,0
128166372467380000,Read,32768,95624,rsrch,1815539712,0
128166372467667000,Read,4096,120738,rsrch,1815760896,0
128166372467701000,Read,32768,87527,rsrch,1815695360,0
128166372467763000,Read,32768,24860,rsrch,1815572480,0
128166372467904000,Read,32768,40191,rsrch,1815658496,0
128166372468191000,Read,32768,66212,rsrch,1815625728,0
128166372468512000,Read,16384,57062,rsrch,16919437312,0
128166372468562000,Read,49664,7617,rsrch,16919453696,0
128166372468717000,Read,20480,8732,rsrch,1815605248,0
128166372470753000,Write,65536,4251,rsrch,3197083648,0
128166372470754000,Write,53248,3320,rsrch,3197149184,0
128166372470756000,Write,4096,1258,rsrch,3197202432,0
128166372470756000,Write,4096,1201,rsrch,3154124800,0
128166372471466000,Read,4096,71715,rsrch,16081241600,0
128166372471488000,Read,20480,50104,rsrch,16081483264,0
128166372471514000,Read,4096,24423,rsrch,16081663488,0
128166372471516000,Read,16384,22474,rsrch,16081507840,0
128166372471535000,Read,4096,3691,rsrch,16081249792,0
128166372471658000,Read,1024,36883,rsrch,16082584576,0
128166372472315000,Write,65536,3998,rsrch,3197206528,0
128166372472316000,Write,65536,3515,rsrch,3197272064,0
128166372472316000,Write,65536,3449,rsrch,3197337600,0
128166372472318000,Write,24576,1933,rsrch,3197403136,0
128166372472318000,Write,4096,1130,rsrch,3154137088,0
128166372473503000,Read,8704,66243,rsrch,6800953344,0
128166372473540000,Read,16384,29132,rsrch,6800719872,0
128166372473563000,Read,65536,6852,rsrch,6800736256,0
128166372473566000,Read,4096,3205,rsrch,6800920576,0
128166372473567000,Read,4096,2892,rsrch,6800945152,0
128166372473664000,Read,32768,61314,rsrch,6800920576,0
128166372473720000,Write,3072,5871,rsrch,6229856256,0
128166372473721000,Write,4096,5048,rsrch,6228987904,0
128166372473721000,Write,4096,4361,rsrch,4905697280,0
128166372473722000,Write,4096,3739,rsrch,4451401728,0
128166372473723000,Read,4096,3087,rsrch,6800957440,0
128166372473723000,Write,4096,3005,rsrch,4382859264,0
128166372473723000,Write,4096,2380,rsrch,4382851072,0
128166372473724000,Write,3072,2118,rsrch,15590514688,0
128166372473724000,Write,4096,1771,rsrch,4382851072,0
128166372473724000,Write,1024,1766,rsrch,8724254720,0
128166372473781000,Read,32768,100850,rsrch,6800723968,0
128166372474034000,Read,4096,4124,rsrch,6800953344,0
128166372474109000,Read,32768,85744,rsrch,6800756736,0
128166372474190000,Read,32768,4946,rsrch,6800834560,0
128166372474346000,Read,32768,5088,rsrch,6800883712,0
128166372474346000,Read,32768,4906,rsrch,6800801792,0
128166372474347000,Read,16384,3626,rsrch,6800867328,0
128166372474616000,Read,16384,47245,rsrch,7036190720,0
128166372474652000,Read,65536,11115,rsrch,7036207104,0
128166372474765000,Read,8192,54049,rsrch,7036522496,0
128166372474816000,Read,8192,3489,rsrch,7036272640,0
128166372474928000,Read,16384,47617,rsrch,7036280832,0
128166372474944000,Read,65536,31929,rsrch,7036321792,0
128166372474968000,Read,8192,7588,rsrch,7036313600,0
128166372474968000,Read,65536,7335,rsrch,7036387328,0
128166372474973000,Read,8192,3064,rsrch,7036297216,0
128166372474973000,Read,8192,3031,rsrch,7036305408,0
128166372475125000,Read,65536,6819,rsrch,7036452864,0
128166372475130000,Read,4096,2335,rsrch,7036518400,0
128166372475255000,Read,12288,33153,rsrch,6800789504,0
128166372475285000,Read,4096,2857,rsrch,6800916480,0
128166372483724000,Write,3584,2062,rsrch,15590514688,0
128166372483724000,Write,2560,1926,rsrch,17674240,0
128166372483725000,Write,2560,1169,rsrch,17674240,0
128166372487090000,Read,32768,73341,rsrch,5059264512,0
128166372487114000,Read,32768,48666,rsrch,5060493312,0
128166372493719000,Write,4096,6791,rsrch,238960640,0
128166372493719000,Write,4096,6386,rsrch,830296064,0
128166372493719000,Write,4096,6355,rsrch,458256384,0
128166372493719000,Write,4096,6121,rsrch,224620544,0
128166372493720000,Write,4096,5718,rsrch,820047872,0
128166372493720000,Write,4096,5684,rsrch,418369536,0
128166372493720000,Write,4096,5464,rsrch,200331264,0
128166372493721000,Write,4096,5036,rsrch,657121280,0
128166372493721000,Write,4096,5000,rsrch,416247808,0
128166372493721000,Write,4096,4793,rsrch,198041600,0
128166372493721000,Write,4096,4351,rsrch,655163392,0
128166372493721000,Write,4096,4324,rsrch,387624960,0
128166372493721000,Write,4096,4121,rsrch,131674112,0
128166372493722000,Write,4096,3674,rsrch,588488704,0
128166372493722000,Write,4096,3654,rsrch,366628864,0
128166372493722000,Write,4096,3473,rsrch,124387328,0
128166372493723000,Write,4096,2996,rsrch,496078848,0
128166372493723000,Write,4096,2989,rsrch,316841984,0
128166372493723000,Write,4096,2815,rsrch,61812736,0
128166372493723000,Write,4096,2319,rsrch,291766272,0
128166372493723000,Write,4096,2310,rsrch,17674240,0
128166372493723000,Write,4096,2307,rsrch,495009792,0
128166372493724000,Write,4096,1723,rsrch,290537472,0
128166372493724000,Write,4096,1628,rsrch,484114432,0
128166372493725000,Write,3072,1115,rsrch,871555072,0
128166372495906000,Write,65536,7050,rsrch,3198607360,0
128166372495907000,Write,65536,6050,rsrch,3198672896,0
128166372495908000,Write,65536,5207,rsrch,3197952000,0
128166372495909000,Write,65536,4196,rsrch,3197427712,0
128166372495909000,Write,65536,4117,rsrch,3197886464,0
128166372495909000,Write,65536,3792,rsrch,3198476288,0
128166372495909000,Write,65536,3750,rsrch,3198541824,0
128166372495909000,Write,65536,3611,rsrch,3197689856,0
128166372495910000,Write,65536,3573,rsrch,3197820928,0
128166372495910000,Write,65536,3559,rsrch,3198869504,0
128166372495910000,Write,65536,3548,rsrch,3198214144,0
128166372495910000,Write,65536,3543,rsrch,3198738432,0
128166372495910000,Write,65536,3540,rsrch,3198279680,0
128166372495910000,Write,65536,3536,rsrch,3197624320,0
128166372495910000,Write,65536,3534,rsrch,3197558784,0
128166372495910000,Write,65536,3530,rsrch,3197755392,0
128166372495910000,Write,65536,3525,rsrch,3197493248,0
128166372495910000,Write,65536,3523,rsrch,3198803968,0
128166372495910000,Write,65536,3519,rsrch,3198410752,0
128166372495910000,Write,65536,3517,rsrch,3198345216,0
128166372495910000,Write,65536,3510,rsrch,3198017536,0
128166372495910000,Write,65536,3507,rsrch,3198083072,0
128166372495910000,Write,65536,3489,rsrch,3198148608,0
128166372495912000,Write,4096,1231,rsrch,3198935040,0
128166372495912000,Write,4096,1218,rsrch,3154132992,0
128166372497880000,Read,512,64041,rsrch,13114875904,0
128166372497935000,Write,1536,8993,rsrch,1663225856,0
128166372497936000,Write,4096,8412,rsrch,1576644608,0
128166372497937000,Write,4096,7562,rsrch,1471352832,0
128166372497937000,Write,4096,7012,rsrch,1439383552,0
128166372497938000,Write,4096,6350,rsrch,1415827456,0
128166372497939000,Write,4096,5703,rsrch,1226686464,0
128166372497939000,Write,4096,5063,rsrch,967213056,0
128166372497940000,Write,4096,4430,rsrch,952684544,0
128166372497940000,Write,4096,3966,rsrch,871555072,0
128166372497941000,Write,1536,3336,rsrch,8724254720,0
128166372497942000,Write,4096,2641,rsrch,15590514688,0
128166372497943000,Write,4096,1430,rsrch,1250234368,0
128166372498364000,Read,12288,49535,rsrch,7038923776,0
128166372498533000,Read,16384,36051,rsrch,2158489600,0
128166372498562000,Read,65536,7114,rsrch,2158505984,0
128166372498652000,Read,8704,73773,rsrch,2158718976,0
128166372498720000,Write,61440,5839,rsrch,1586245632,0
128166372498720000,Write,61440,5832,rsrch,2617356288,0
128166372498723000,Read,4096,3051,rsrch,2158723072,0
128166372498723000,Read,4096,3046,rsrch,2158690304,0
128166372498723000,Read,4096,2825,rsrch,2158714880,0
128166372498723000,Write,4096,2448,rsrch,6229856256,0
128166372498724000,Write,5120,1974,rsrch,15590514688,0
128166372498724000,Write,4096,1876,rsrch,2617417728,0
128166372498797000,Read,32768,84569,rsrch,2158686208,0
128166372498927000,Read,32768,110762,rsrch,2158493696,0
128166372499033000,Read,32768,4762,rsrch,2158526464,0
128166372499035000,Read,4096,3055,rsrch,2158718976,0
128166372499189000,Read,32768,4901,rsrch,2158604288,0
128166372499346000,Read,32768,5053,rsrch,2158653440,0
128166372499346000,Read,32768,4870,rsrch,2158571520,0
128166372499347000,Read,16384,3592,rsrch,2158637056,0
128166372499608000,Read,16384,54717,rsrch,306520064,0
128166372499656000,Read,65536,6875,rsrch,306536448,0
128166372499767000,Read,5632,52180,rsrch,306638848,0
128166372499816000,Read,16384,3317,rsrch,306610176,0
128166372499816000,Read,8192,2852,rsrch,306601984,0
128166372499972000,Read,12288,3555,rsrch,2158559232,0
128166372499973000,Read,12288,2912,rsrch,306626560,0
128166372507628000,Write,65536,4289,rsrch,3198939136,0
128166372507628000,Write,65536,3914,rsrch,3199397888,0
128166372507628000,Write,65536,3614,rsrch,3199201280,0
128166372507628000,Write,65536,3607,rsrch,3199070208,0
128166372507628000,Write,65536,3555,rsrch,3199135744,0
128166372507628000,Write,65536,3533,rsrch,3199004672,0
128166372507628000,Write,65536,3528,rsrch,3199332352,0
128166372507628000,Write,65536,3523,rsrch,3199266816,0
128166372507629000,Write,40960,2681,rsrch,3199463424,0
128166372507631000,Write,4096,1227,rsrch,3154137088,0
128166372508718000,Write,4096,7204,rsrch,6979018752,0
128166372508719000,Write,4096,6538,rsrch,6944677888,0
128166372508720000,Write,4096,5863,rsrch,6941290496,0
128166372508720000,Write,4096,5175,rsrch,6266712064,0
128166372508721000,Write,4096,4502,rsrch,6230740992,0
128166372508722000,Write,4096,3842,rsrch,2838929408,0
128166372508722000,Write,1536,3478,rsrch,15590518784,0
128166372508722000,Write,1536,3326,rsrch,8724254720,0
128166372508722000,Write,4096,3166,rsrch,1976492032,0
128166372508723000,Write,3584,2596,rsrch,7006212096,0
128166372508723000,Write,4096,2546,rsrch,1683603456,0
128166372508723000,Write,512,2083,rsrch,1586307072,0
128166372508724000,Write,4096,1941,rsrch,6998786048,0
128166372508724000,Write,4096,1315,rsrch,6981337088,0
128166372508724000,Write,4096,1104,rsrch,1683603456,0
128166372510103000,Read,16384,28649,rsrch,1956425728,0
128166372510122000,Read,58368,10080,rsrch,1956442112,0
128166372517626000,Write,65536,5297,rsrch,3200028672,0
128166372517627000,Write,65536,4540,rsrch,3199963136,0
128166372517628000,Write,65536,4227,rsrch,3199504384,0
128166372517628000,Write,65536,3556,rsrch,3199766528,0
128166372517628000,Write,65536,3545,rsrch,3200290816,0
128166372517628000,Write,65536,3533,rsrch,3199635456,0
128166372517628000,Write,65536,3512,rsrch,3200094208,0
128166372517628000,Write,65536,3513,rsrch,3199897600,0
128166372517628000,Write,65536,3511,rsrch,3200159744,0
128166372517628000,Write,65536,3506,rsrch,3199700992,0
128166372517628000,Write,65536,3502,rsrch,3199569920,0
128166372517628000,Write,65536,3497,rsrch,3199832064,0
128166372517628000,Write,65536,3492,rsrch,3200225280,0
128166372517784000,Write,65536,3623,rsrch,3200552960,0
128166372517784000,Write,65536,3543,rsrch,3200684032,0
128166372517785000,Write,65536,3524,rsrch,3200618496,0
128166372517785000,Write,65536,3524,rsrch,3200356352,0
128166372517785000,Write,65536,3510,rsrch,3200421888,0
128166372517785000,Write,65536,3502,rsrch,3200487424,0
128166372517787000,Write,4096,1234,rsrch,3200749568,0
128166372517787000,Write,4096,1221,rsrch,3154132992,0
128166372518716000,Write,4096,9604,rsrch,7164018688,0
128166372518717000,Write,4096,8940,rsrch,7163342848,0
128166372518717000,Write,4096,8268,rsrch,7123255296,0
128166372518718000,Write,4096,7576,rsrch,7123243008,0
128166372518719000,Write,4096,6891,rsrch,7123120128,0
128166372518719000,Write,4096,6445,rsrch,7211565056,0
128166372518719000,Write,4096,6346,rsrch,7570984960,0
128166372518719000,Write,4096,6211,rsrch,7117914112,0
128166372518720000,Write,40448,5918,rsrch,1650688000,0
128166372518720000,Write,4096,5764,rsrch,7207059456,0
128166372518720000,Write,4096,5677,rsrch,7570968576,0
128166372518720000,Write,4096,5544,rsrch,7117905920,0
128166372518720000,Write,4096,5091,rsrch,7204081664,0
128166372518721000,Write,4096,5006,rsrch,7499804672,0
128166372518721000,Write,4096,4943,rsrch,7117897728,0
128166372518721000,Write,4096,4409,rsrch,7201177600,0
128166372518721000,Write,4096,4307,rsrch,7459958784,0
128166372518722000,Write,4096,3707,rsrch,7201165312,0
128166372518722000,Write,4096,3618,rsrch,7459184640,0
128166372518722000,Write,2048,3615,rsrch,8724254720,0
128166372518722000,Write,3072,3580,rsrch,15590518784,0
128166372518722000,Write,512,3267,rsrch,7571234816,0
128166372518723000,Write,4096,3011,rsrch,7201144832,0
128166372518723000,Write,4096,2927,rsrch,7445524480,0
128166372518723000,Write,4096,2712,rsrch,7571222528,0
128166372518723000,Write,4096,2337,rsrch,1586307072,0
128166372518723000,Write,4096,2308,rsrch,7165046784,0
128166372518723000,Write,4096,2287,rsrch,7445516288,0
128166372518724000,Write,4096,2022,rsrch,7571202048,0
128166372518724000,Write,4096,1658,rsrch,7165026304,0
128166372518724000,Write,4096,1629,rsrch,7246299136,0
128166372518724000,Write,4096,1337,rsrch,7571189760,0
128166372518724000,Write,4096,1100,rsrch,7117897728,0
128166372519915000,Read,4096,60497,rsrch,8942546944,0
128166372520282000,Write,61440,5790,rsrch,16857980928,0
128166372520284000,Write,36352,3842,rsrch,17268695040,0
128166372520285000,Write,4096,2654,rsrch,15590518784,0
128166372520286000,Write,4096,1887,rsrch,1650724864,0
128166372520286000,Write,12288,1791,rsrch,16858042368,0
128166372520755000,Write,4096,1716,rsrch,6216929280,0
128166372521846000,Write,512,4402,rsrch,8695087104,0
128166372521846000,Write,4096,4222,rsrch,8724254720,0
128166372521847000,Write,65536,3847,rsrch,3200753664,0
128166372521847000,Write,4096,3366,rsrch,3228082176,0
128166372521847000,Write,8192,3354,rsrch,17827762176,0
128166372521848000,Write,1024,2988,rsrch,7616421888,0
128166372521848000,Write,6144,2646,rsrch,15590518784,0
128166372521849000,Write,4096,1399,rsrch,3228151808,0
128166372521849000,Write,4096,1269,rsrch,3229741056,0
128166372521849000,Write,4096,1252,rsrch,3229790208,0
128166372521849000,Write,4096,1238,rsrch,3230003200,0
128166372521849000,Write,4096,1237,rsrch,3230269440,0
128166372521849000,Write,4096,1235,rsrch,3230203904,0
128166372521849000,Write,4096,1207,rsrch,3229863936,0
128166372521849000,Write,4096,1176,rsrch,3229929472,0
128166372524814000,Write,40960,5120,rsrch,13329637376,0
128166372524814000,Write,40960,4936,rsrch,13329637376,0
128166372524815000,Write,49152,4655,rsrch,15641939968,0
128166372524815000,Write,65536,4542,rsrch,3200819200,0
128166372524815000,Write,49152,4463,rsrch,15641939968,0
128166372524815000,Write,65536,4166,rsrch,15641989120,0
128166372524815000,Write,36864,4137,rsrch,3200884736,0
128166372524815000,Write,65536,4032,rsrch,15641989120,0
128166372524816000,Write,24576,3509,rsrch,16148942848,0
128166372524816000,Write,24576,3325,rsrch,16148942848,0
128166372524817000,Write,8192,2721,rsrch,13003689984,0
128166372524817000,Write,8192,2624,rsrch,13003689984,0
128166372524817000,Write,4096,2542,rsrch,15645843456,0
128166372524817000,Write,4096,2490,rsrch,15645843456,0
128166372524817000,Write,4096,2034,rsrch,3154137088,0
128166372524817000,Write,8192,1980,rsrch,14068207616,0
128166372524817000,Write,16384,1939,rsrch,1705521152,0
128166372524817000,Write,16384,1924,rsrch,15642054656,0
128166372524817000,Write,4096,1917,rsrch,15123931136,0
128166372524817000,Write,16384,1897,rsrch,13200961536,0
128166372524817000,Write,4096,1868,rsrch,15123931136,0
128166372524817000,Write,16384,1866,rsrch,13200961536,0
128166372524817000,Write,16384,1832,rsrch,1705521152,0
128166372524817000,Write,16384,1813,rsrch,15642054656,0
128166372524817000,Write,16384,1795,rsrch,13329678336,0
128166372524818000,Write,4096,1729,rsrch,3154132992,0
128166372524818000,Write,16384,1693,rsrch,13329678336,0
128166372524818000,Write,8192,1628,rsrch,596987904,0
128166372524818000,Write,8192,1385,rsrch,2129981440,0
128166372524818000,Write,8192,1383,rsrch,14068207616,0
128166372524818000,Write,8192,1357,rsrch,2129981440,0
128166372524818000,Write,8192,1354,rsrch,596987904,0
128166372524818000,Write,4096,1299,rsrch,14759608320,0
128166372524818000,Write,4096,1292,rsrch,14759608320,0
128166372524818000,Write,4096,1183,rsrch,3154132992,0
128166372524818000,Write,4096,1172,rsrch,3154137088,0
128166372525911000,Write,20480,2412,rsrch,3200921600,0
128166372525912000,Write,4096,1230,rsrch,3154132992,0
128166372525912000,Write,4096,1226,rsrch,3200942080,0
128166372525912000,Write,4096,1183,rsrch,3154137088,0
128166372525912000,Write,4096,1163,rsrch,3154137088,0
128166372525912000,Write,4096,1153,rsrch,3154132992,0
128166372525912000,Write,3072,1115,rsrch,7615713280,0
128166372525912000,Write,1024,1114,rsrch,7615713280,0
128166372525912000,Write,1536,1037,rsrch,4382728192,0
128166372531842000,Write,4096,8678,rsrch,3230425088,0
128166372531842000,Write,4096,8536,rsrch,8695087104,0
128166372531842000,Write,5632,8265,rsrch,7774507008,0
128166372531843000,Write,4096,7754,rsrch,8687243264,0
128166372531844000,Write,512,6924,rsrch,8633434112,0
128166372531844000,Write,4096,6373,rsrch,8644415488,0
128166372531845000,Write,1536,5943,rsrch,7616421888,0
128166372531845000,Write,2560,5769,rsrch,13012348928,0
128166372531845000,Write,65536,5675,rsrch,5016526848,0
128166372531848000,Write,4096,2371,rsrch,15590522880,0
128166372531849000,Write,8192,1340,rsrch,3230453760,0
128166372531849000,Write,4096,1239,rsrch,3230433280,0
128166372531849000,Write,4096,1170,rsrch,3231391744,0
128166372531849000,Write,4096,1168,rsrch,3230502912,0
128166372531849000,Write,4096,1166,rsrch,3238289408,0
128166372531849000,Write,4096,1163,rsrch,3231375360,0
128166372531849000,Write,4096,1163,rsrch,3239383040,0
128166372537161000,Write,1536,1670,rsrch,4382728192,0
128166372541845000,Write,8192,5851,rsrch,3239645184,0
128166372541845000,Write,65536,4953,rsrch,5016592384,0
128166372541849000,Write,24576,1913,rsrch,3256291328,0
128166372541849000,Write,12288,1489,rsrch,3243016192,0
128166372541849000,Write,4096,1152,rsrch,3255504896,0
128166372541849000,Write,4096,1106,rsrch,3255611392,0
128166372570752000,Write,65536,4128,rsrch,3200946176,0
128166372570755000,Write,4096,1148,rsrch,3154128896,0
128166372570755000,Write,4096,1113,rsrch,3154137088,0
128166372585910000,Write,16384,2316,rsrch,621047808,0
128166372585910000,Write,16384,2296,rsrch,8696414208,0
128166372585911000,Write,16384,2138,rsrch,3137495040,0
128166372585911000,Write,16384,2123,rsrch,8598986752,0
128166372585911000,Write,16384,2107,rsrch,8587796480,0
128166372585911000,Write,16384,1726,rsrch,621211648,0
128166372585911000,Write,16384,1725,rsrch,409673728,0
128166372585911000,Write,16384,1723,rsrch,8596414464,0
128166372585911000,Write,16384,1716,rsrch,16867307520,0
128166372585911000,Write,16384,1687,rsrch,16867291136,0
128166372585911000,Write,16384,1669,rsrch,621047808,0
128166372585911000,Write,512,1654,rsrch,7478718464,0
128166372585911000,Write,1024,1649,rsrch,7466500096,0
128166372585911000,Write,16384,1647,rsrch,8587796480,0
128166372585911000,Write,1024,1627,rsrch,7499489280,0
128166372585911000,Write,512,1592,rsrch,7478116352,0
128166372585911000,Write,4096,1571,rsrch,7478132736,0
128166372585911000,Write,7680,1528,rsrch,7478116864,0
128166372585911000,Write,4096,1516,rsrch,3154137088,0
128166372585911000,Write,4096,1472,rsrch,3154137088,0
128166372585911000,Write,512,1443,rsrch,7478116352,0
128166372585911000,Write,8192,1402,rsrch,7478136832,0
128166372585911000,Write,4096,1355,rsrch,7478124544,0
128166372585912000,Write,4096,1280,rsrch,7478153216,0
128166372585912000,Write,4096,1264,rsrch,3154132992,0
128166372585912000,Write,4096,1182,rsrch,3154132992,0
128166372585912000,Write,4096,1165,rsrch,7478149120,0
128166372585912000,Write,4096,1132,rsrch,3201011712,0
128166372585912000,Write,4096,1119,rsrch,621047808,0
128166372585912000,Write,4096,1117,rsrch,8587796480,0
128166372585912000,Write,4096,1115,rsrch,3154132992,0
128166372585912000,Write,3072,1108,rsrch,7478719488,0
128166372585912000,Write,4096,1101,rsrch,3154137088,0
128166372585912000,Write,4096,1098,rsrch,3154132992,0
128166372585912000,Write,4096,1097,rsrch,3154137088,0
128166372585912000,Write,3072,1086,rsrch,7466501120,0
128166372585912000,Write,4096,1084,rsrch,7478128640,0
128166372585912000,Write,4096,1081,rsrch,7499490304,0
128166372585912000,Write,4096,1078,rsrch,7478145024,0
128166372585912000,Write,512,1029,rsrch,7478718464,0
128166372585912000,Write,512,1010,rsrch,7478718976,0
128166372599816000,Write,4096,2569,rsrch,7818829824,0
128166372599816000,Write,4096,2523,rsrch,7818829824,0
128166372599817000,Write,8192,2086,rsrch,4162043904,0
128166372599817000,Write,8192,2066,rsrch,14067503104,0
128166372599817000,Write,8192,2055,rsrch,4162355200,0
128166372599817000,Write,4096,1928,rsrch,7818776576,0
128166372599817000,Write,8192,1907,rsrch,11108208640,0
128166372599817000,Write,4096,1894,rsrch,7818776576,0
128166372599817000,Write,8192,1860,rsrch,11395411968,0
128166372599817000,Write,8192,1762,rsrch,1725128704,0
128166372599817000,Write,8192,1661,rsrch,4162117632,0
128166372599817000,Write,8192,1660,rsrch,597069824,0
128166372599817000,Write,8192,1644,rsrch,15736954880,0
128166372599817000,Write,8192,1611,rsrch,1725128704,0
128166372599817000,Write,8192,1610,rsrch,15646310400,0
128166372599817000,Write,8192,1591,rsrch,2022232064,0
128166372599817000,Write,8192,1570,rsrch,1434054656,0
128166372599817000,Write,8192,1560,rsrch,9785589760,0
128166372599817000,Write,4096,1547,rsrch,3201015808,0
128166372599817000,Write,8192,1515,rsrch,10939367424,0
128166372599818000,Write,8192,1488,rsrch,597069824,0
128166372599818000,Write,8192,1458,rsrch,11395411968,0
128166372599818000,Write,8192,1442,rsrch,17827442688,0
128166372599818000,Write,8192,1440,rsrch,1444982784,0
128166372599818000,Write,8192,1433,rsrch,8647225344,0
128166372599818000,Write,8192,1421,rsrch,6691495936,0
128166372599818000,Write,8192,1417,rsrch,10939367424,0
128166372599818000,Write,8192,1416,rsrch,11108208640,0
128166372599818000,Write,8192,1411,rsrch,11108192256,0
128166372599818000,Write,8192,1410,rsrch,2455232512,0
128166372599818000,Write,8192,1405,rsrch,17827770368,0
128166372599818000,Write,8192,1400,rsrch,1566965760,0
128166372599818000,Write,8192,1399,rsrch,11359895552,0
128166372599818000,Write,8192,1389,rsrch,11108192256,0
128166372599818000,Write,8192,1377,rsrch,14067503104,0
128166372599818000,Write,8192,1371,rsrch,1444982784,0
128166372599818000,Write,8192,1365,rsrch,17827770368,0
128166372599818000,Write,8192,1360,rsrch,8647225344,0
128166372599818000,Write,8192,1360,rsrch,4162043904,0
128166372599818000,Write,8192,1358,rsrch,15646310400,0
128166372599818000,Write,8192,1357,rsrch,17827442688,0
128166372599818000,Write,8192,1349,rsrch,3057287168,0
128166372599818000,Write,8192,1347,rsrch,1434054656,0
128166372599818000,Write,8192,1347,rsrch,6691495936,0
128166372599818000,Write,8192,1344,rsrch,3057287168,0
128166372599818000,Write,8192,1341,rsrch,1566965760,0
128166372599818000,Write,8192,1338,rsrch,2022232064,0
128166372599818000,Write,8192,1336,rsrch,4162355200,0
128166372599818000,Write,8192,1333,rsrch,11359895552,0
128166372599818000,Write,8192,1333,rsrch,4162117632,0
128166372599818000,Write,8192,1328,rsrch,2455232512,0
128166372599818000,Write,8192,1322,rsrch,15736954880,0
128166372599818000,Write,4096,1319,rsrch,3154132992,0
128166372599818000,Write,8192,1316,rsrch,9785589760,0
128166372599818000,Write,4096,1314,rsrch,7852126208,0
128166372599818000,Write,4096,1303,rsrch,7852126208,0
128166372599818000,Write,4096,1183,rsrch,3154132992,0
128166372599818000,Write,4096,1173,rsrch,3154137088,0
128166372599818000,Write,4096,1166,rsrch,3154137088,0
128166372620755000,Write,4096,1752,rsrch,3228045312,0
128166372621848000,Write,4096,1949,rsrch,6218854400,0
128166372621848000,Write,4096,1934,rsrch,3257090048,0
128166372621848000,Write,4096,1904,rsrch,3288494080,0
128166372621848000,Write,4096,1852,rsrch,3222630400,0
128166372621848000,Write,4096,1814,rsrch,3225792512,0
128166372621848000,Write,4096,1801,rsrch,3223592960,0
128166372621848000,Write,4096,1774,rsrch,3282485248,0
128166372621849000,Write,8192,1635,rsrch,6216929280,0
128166372621849000,Write,4096,1612,rsrch,3223003136,0
128166372621849000,Write,4096,1582,rsrch,3226234880,0
128166372621849000,Write,4096,1550,rsrch,3227955200,0
128166372621849000,Write,4096,1473,rsrch,3289616384,0
128166372621849000,Write,4096,1451,rsrch,3222859776,0
128166372621849000,Write,4096,1444,rsrch,3221532672,0
128166372621849000,Write,4096,1429,rsrch,3222122496,0
128166372621849000,Write,4096,1424,rsrch,3225817088,0
128166372621849000,Write,4096,1423,rsrch,3221725184,0
128166372621849000,Write,4096,1421,rsrch,3221880832,0
128166372621849000,Write,4096,1387,rsrch,3226132480,0
128166372621849000,Write,4096,1385,rsrch,3221921792,0
128166372621849000,Write,4096,1380,rsrch,3222597632,0
128166372621849000,Write,4096,1365,rsrch,3225051136,0
128166372621849000,Write,4096,1348,rsrch,3226222592,0
128166372621849000,Write,4096,1342,rsrch,3267080192,0
128166372621849000,Write,4096,1335,rsrch,3289432064,0
128166372621849000,Write,4096,1307,rsrch,3223330816,0
128166372621849000,Write,8192,1302,rsrch,3276443648,0
128166372621849000,Write,4096,1297,rsrch,3222745088,0
128166372621849000,Write,4096,1289,rsrch,3290578944,0
128166372621849000,Write,4096,1270,rsrch,3268493312,0
128166372621849000,Write,4096,1263,rsrch,6215831552,0
128166372621849000,Write,4096,1257,rsrch,3227967488,0
128166372621849000,Write,4096,1245,rsrch,3269013504,0
128166372621849000,Write,4096,1241,rsrch,3269095424,0
128166372621849000,Write,4096,1240,rsrch,3290468352,0
128166372621849000,Write,4096,1227,rsrch,3226267648,0
128166372621849000,Write,4096,1222,rsrch,3267555328,0
128166372621849000,Write,4096,1218,rsrch,3302887424,0
128166372621849000,Write,4096,1218,rsrch,3294277632,0
128166372621849000,Write,4096,1215,rsrch,3270946816,0
128166372621849000,Write,4096,1214,rsrch,3294326784,0
128166372621849000,Write,4096,1212,rsrch,3268505600,0
128166372621849000,Write,4096,1212,rsrch,3257507840,0
128166372621849000,Write,4096,1204,rsrch,3282399232,0
128166372621849000,Write,4096,1205,rsrch,3276775424,0
128166372621849000,Write,4096,1193,rsrch,3154132992,0
128166372621849000,Write,4096,1183,rsrch,3299819520,0
128166372621849000,Write,4096,1177,rsrch,3276070912,0
128166372621849000,Write,4096,1175,rsrch,3268046848,0
128166372621849000,Write,4096,1163,rsrch,3256291328,0
128166372621849000,Write,4096,1154,rsrch,3276079104,0
128166372631845000,Write,4096,4638,rsrch,1195540480,0
128166372631846000,Write,4096,4090,rsrch,14798176256,0
128166372631847000,Write,4096,3602,rsrch,7948808192,0
128166372631847000,Write,4096,3052,rsrch,7472517120,0
128166372631848000,Write,4096,2623,rsrch,7471173632,0
128166372631848000,Write,4096,2271,rsrch,1192517632,0
128166372631848000,Write,4096,2078,rsrch,5271453696,0
128166372631848000,Write,4096,2064,rsrch,2646843392,0
128166372631848000,Write,4096,2045,rsrch,2615746560,0
128166372631848000,Write,4096,2032,rsrch,1159376896,0
128166372631848000,Write,4096,2027,rsrch,7475691520,0
128166372631848000,Write,4096,1972,rsrch,7465959424,0
128166372631848000,Write,4096,1939,rsrch,1154547712,0
128166372631848000,Write,4096,1934,rsrch,2186629120,0
128166372631848000,Write,4096,1931,rsrch,886317056,0
128166372631848000,Write,4096,1926,rsrch,881512448,0
128166372631848000,Write,4096,1924,rsrch,492503040,0
128166372631848000,Write,4096,1922,rsrch,1104699392,0
128166372631848000,Write,4096,1913,rsrch,1047244800,0
128166372631848000,Write,4096,1911,rsrch,846544896,0
128166372631848000,Write,4096,1894,rsrch,832069632,0
128166372631848000,Write,4096,1873,rsrch,1188769792,0
128166372631849000,Write,4096,1417,rsrch,7475683328,0
128166372631849000,Write,4096,1382,rsrch,1199476736,0
128166372631849000,Write,4096,1304,rsrch,954175488,0
128166372631849000,Write,4096,1299,rsrch,1081118720,0
128166372631849000,Write,4096,1297,rsrch,1288867840,0
128166372631849000,Write,4096,1295,rsrch,1084084224,0
128166372631849000,Write,4096,1294,rsrch,879161344,0
128166372631849000,Write,4096,1293,rsrch,518647808,0
128166372631849000,Write,4096,1279,rsrch,1099317248,0
128166372631849000,Write,4096,1278,rsrch,822636544,0
128166372631849000,Write,4096,1245,rsrch,446296064,0
128166372631849000,Write,4096,1243,rsrch,646402048,0
128166372631849000,Write,4096,1241,rsrch,1074290688,0
128166372631849000,Write,4096,1226,rsrch,1067880448,0
128166372631849000,Write,4096,1222,rsrch,674283520,0
128166372631849000,Write,4096,1197,rsrch,17098567680,0
128166372641845000,Write,65536,5364,rsrch,5016657920,0
128166372641846000,Write,36864,4595,rsrch,13081767936,0
128166372641846000,Write,65536,4069,rsrch,13081804800,0
128166372641848000,Write,28672,2543,rsrch,5016723456,0
128166372641848000,Write,30720,2447,rsrch,13081870336,0
128166372641848000,Write,4096,1950,rsrch,1278550016,0
128166372641849000,Write,4096,1178,rsrch,5016522752,0
128166372651845000,Write,8192,4750,rsrch,9099698176,0
128166372651846000,Write,4096,4289,rsrch,9992806400,0
128166372651846000,Write,61440,3930,rsrch,9099567104,0
128166372651846000,Write,4096,3817,rsrch,6689951744,0
128166372651847000,Write,4096,3018,rsrch,3134930944,0
128166372651848000,Write,4096,2346,rsrch,428830720,0
128166372651848000,Write,16384,1865,rsrch,9099644928,0
128166372651848000,Write,12288,1644,rsrch,9099964416,0
128166372651849000,Write,12288,1541,rsrch,9099776000,0
128166372651849000,Write,4096,1460,rsrch,3221237760,0
128166372651849000,Write,8192,1418,rsrch,9099829248,0
128166372651849000,Write,8192,1416,rsrch,9099714560,0
128166372651849000,Write,8192,1371,rsrch,9099792384,0
128166372651849000,Write,4096,1231,rsrch,9099907072,0
128166372651849000,Write,4096,1230,rsrch,9099997184,0
128166372651849000,Write,4096,1227,rsrch,9099804672,0
128166372651849000,Write,4096,1228,rsrch,9099886592,0
128166372651849000,Write,4096,1220,rsrch,9100005376,0
128166372651849000,Write,4096,1220,rsrch,9100091392,0
128166372651849000,Write,4096,1216,rsrch,9100079104,0
128166372651849000,Write,4096,1210,rsrch,9100025856,0
128166372651849000,Write,4096,1208,rsrch,9100046336,0
128166372651849000,Write,4096,1205,rsrch,9099755520,0
128166372651849000,Write,4096,1181,rsrch,9099632640,0
128166372661847000,Write,4096,2711,rsrch,1815773184,0
128166372661848000,Write,4096,2071,rsrch,1439911936,0
128166372670752000,Write,57344,3876,rsrch,3201019904,0
128166372670755000,Write,4096,1146,rsrch,3154137088,0
128166372670755000,Write,4096,1108,rsrch,3154124800,0
128166372671848000,Write,4096,2372,rsrch,13502529536,0
128166372671848000,Write,4096,2046,rsrch,1582026752,0
128166372674815000,Write,4096,4086,rsrch,15645843456,0
128166372674815000,Write,4096,3430,rsrch,15123931136,0
128166372674816000,Write,4096,2977,rsrch,15645843456,0
128166372674816000,Write,4096,2328,rsrch,15123931136,0
128166372674816000,Write,4096,2312,rsrch,14759608320,0
128166372674817000,Write,8192,1996,rsrch,2022240256,0
128166372674817000,Write,8192,1955,rsrch,14068207616,0
128166372674817000,Write,8192,1926,rsrch,7295303680,0
128166372674817000,Write,16384,1833,rsrch,11395534848,0
128166372674817000,Write,8192,1802,rsrch,2022240256,0
128166372674817000,Write,8192,1741,rsrch,8979197952,0
128166372674817000,Write,16384,1703,rsrch,11395534848,0
128166372674817000,Write,8192,1680,rsrch,8979197952,0
128166372674817000,Write,4096,1652,rsrch,3201077248,0
128166372674817000,Write,4096,1536,rsrch,14759608320,0
128166372674817000,Write,8192,1451,rsrch,8762142720,0
128166372674817000,Write,8192,1440,rsrch,11395559424,0
128166372674817000,Write,4096,1434,rsrch,3154132992,0
128166372674817000,Write,8192,1429,rsrch,7615655936,0
128166372674817000,Write,8192,1427,rsrch,11395518464,0
128166372674817000,Write,8192,1410,rsrch,7295303680,0
128166372674817000,Write,8192,1406,rsrch,7615483904,0
128166372674817000,Write,8192,1402,rsrch,2500763648,0
128166372674817000,Write,8192,1397,rsrch,8762142720,0
128166372674817000,Write,8192,1361,rsrch,14068207616,0
128166372674817000,Write,8192,1360,rsrch,7615655936,0
128166372674817000,Write,8192,1357,rsrch,11395559424,0
128166372674817000,Write,8192,1337,rsrch,11395518464,0
128166372674817000,Write,8192,1333,rsrch,2500763648,0
128166372674817000,Write,4096,1329,rsrch,3154137088,0
128166372674817000,Write,8192,1324,rsrch,7615483904,0
128166372674818000,Write,4096,1210,rsrch,3154132992,0
128166372674818000,Write,4096,1175,rsrch,3154137088,0
128166372681847000,Write,4096,2787,rsrch,10610769920,0
128166372681848000,Write,4096,2071,rsrch,2855809024,0
128166372691848000,Write,2560,1714,rsrch,815464448,0
128166372701848000,Write,4096,1832,rsrch,1317449728,0
128166372711847000,Write,4096,2974,rsrch,7459274752,0
128166372711847000,Write,4096,2677,rsrch,5238079488,0
128166372711847000,Write,4096,2308,rsrch,2695544832,0
128166372720753000,Write,49152,3539,rsrch,3201081344,0
128166372720755000,Write,4096,1152,rsrch,3154132992,0
128166372720755000,Write,4096,1126,rsrch,3154128896,0
128166372741847000,Write,4096,2504,rsrch,1256841216,0
128166372741848000,Write,4096,2160,rsrch,342814720,0
128166372741848000,Write,4096,1920,rsrch,377233408,0
128166372741848000,Write,4096,1281,rsrch,274022400,0
128166372749815000,Write,4096,3215,rsrch,7818829824,0
128166372749816000,Write,4096,2601,rsrch,7818829824,0
128166372749816000,Write,4096,2561,rsrch,7818776576,0
128166372749816000,Write,8192,1978,rsrch,3057287168,0
128166372749816000,Write,4096,1967,rsrch,7818776576,0
128166372749816000,Write,4096,1946,rsrch,7852126208,0
128166372749817000,Write,8192,1384,rsrch,3057287168,0
128166372749817000,Write,8192,1369,rsrch,3201130496,0
128166372749817000,Write,4096,1365,rsrch,7852126208,0
128166372749817000,Write,4096,1230,rsrch,3154132992,0
128166372749817000,Write,4096,1228,rsrch,3154137088,0
128166372749817000,Write,4096,1213,rsrch,3154137088,0
128166372751847000,Write,4096,2317,rsrch,1412071424,0
128166372751848000,Write,4096,1959,rsrch,15287607296,0
128166372761848000,Write,4096,1898,rsrch,1285558272,0
128166372761849000,Write,4096,1124,rsrch,1250234368,0
128166372770752000,Write,49152,3410,rsrch,3201138688,0
128166372770755000,Write,4096,1126,rsrch,3154132992,0
128166372770755000,Write,4096,1101,rsrch,3154124800,0
128166372781847000,Write,8192,2173,rsrch,1317449728,0
128166372794191000,Write,16384,2291,rsrch,8598298624,0
128166372794191000,Write,16384,2221,rsrch,8588992512,0
128166372794191000,Write,16384,2079,rsrch,8598085632,0
128166372794191000,Write,16384,1868,rsrch,8598315008,0
128166372794191000,Write,16384,1780,rsrch,8587796480,0
128166372794192000,Write,16384,1763,rsrch,8597577728,0
128166372794192000,Write,16384,1732,rsrch,8598102016,0
128166372794192000,Write,16384,1704,rsrch,8588976128,0
128166372794192000,Write,16384,1691,rsrch,8587796480,0
128166372794192000,Write,512,1618,rsrch,7478116352,0
128166372794192000,Write,4096,1612,rsrch,3154132992,0
128166372794192000,Write,4096,1400,rsrch,3154137088,0
128166372794192000,Write,4096,1280,rsrch,8587796480,0
128166372794192000,Write,7680,1274,rsrch,7478116864,0
128166372794192000,Write,4096,1234,rsrch,7478149120,0
128166372794192000,Write,4096,1214,rsrch,3154132992,0
128166372794192000,Write,4096,1202,rsrch,3201187840,0
128166372794192000,Write,4096,1199,rsrch,7478153216,0
128166372794192000,Write,4096,1183,rsrch,7478145024,0
128166372794192000,Write,512,1178,rsrch,7478116352,0
128166372794192000,Write,4096,1114,rsrch,3154137088,0
128166372794192000,Write,4096,1112,rsrch,7478124544,0
128166372794192000,Write,4096,1088,rsrch,7478132736,0
128166372794192000,Write,4096,1086,rsrch,7478157312,0
128166372794192000,Write,4096,1085,rsrch,7478128640,0
128166372794192000,Write,4096,1084,rsrch,7478136832,0
128166372794192000,Write,4096,1076,rsrch,7478140928,0
128166372820754000,Write,4096,1794,rsrch,6216929280,0
128166372870752000,Write,49152,3505,rsrch,3201191936,0
128166372870754000,Write,4096,1129,rsrch,3154137088,0
128166372870754000,Write,4096,1099,rsrch,3154128896,0
128166372891847000,Write,4096,1972,rsrch,3268702208,0
128166372891848000,Write,4096,1199,rsrch,3228045312,0
128166372891848000,Write,4096,1183,rsrch,3276382208,0
128166372891848000,Write,4096,1147,rsrch,3276435456,0
128166372891848000,Write,4096,1123,rsrch,3292598272,0
128166372891848000,Write,4096,1109,rsrch,3299819520,0
128166372891848000,Write,4096,1106,rsrch,3302887424,0
128166372891848000,Write,4096,1105,rsrch,3227922432,0
128166372891848000,Write,4096,1103,rsrch,6216933376,0
128166372901847000,Write,4096,1878,rsrch,7470653440,0
128166372920752000,Write,53248,3736,rsrch,3201241088,0
128166372920754000,Write,4096,1189,rsrch,3154132992,0
128166372920754000,Write,4096,1102,rsrch,3154124800,0
128166372941847000,Write,3072,1706,rsrch,3760427008,0
128166372951847000,Write,4096,1851,rsrch,11049758720,0
128166372961847000,Write,4096,1856,rsrch,1278550016,0
128166372970751000,Write,53248,3618,rsrch,3201294336,0
128166372970754000,Write,4096,1297,rsrch,3154137088,0
128166372970754000,Write,4096,1158,rsrch,3154128896,0
128166372971847000,Write,4096,1793,rsrch,676470784,0
128166373020751000,Write,49152,3659,rsrch,3201347584,0
128166373020754000,Write,4096,1207,rsrch,3154132992,0
128166373020754000,Write,4096,1172,rsrch,3154124800,0
128166373020909000,Write,4096,2633,rsrch,15645843456,0
128166373020909000,Write,4096,2531,rsrch,15645843456,0
128166373020909000,Write,16384,2170,rsrch,1705496576,0
128166373020909000,Write,4096,1989,rsrch,15123931136,0
128166373020909000,Write,4096,1934,rsrch,3154132992,0
128166373020909000,Write,4096,1904,rsrch,15123931136,0
128166373020909000,Write,16384,1791,rsrch,13200945152,0
128166373020909000,Write,16384,1708,rsrch,13200945152,0
128166373020909000,Write,16384,1700,rsrch,1705496576,0
128166373020910000,Write,4096,1433,rsrch,3154137088,0
128166373020910000,Write,4096,1378,rsrch,14759608320,0
128166373020910000,Write,4096,1314,rsrch,14759608320,0
128166373020910000,Write,4096,1188,rsrch,3154132992,0
128166373020910000,Write,4096,1177,rsrch,3154137088,0
128166373051847000,Write,4096,1819,rsrch,1731092480,0
128166373070751000,Write,49152,3466,rsrch,3201396736,0
128166373070753000,Write,4096,1312,rsrch,3154137088,0
128166373070754000,Write,4096,1161,rsrch,3154128896,0
128166373101847000,Write,4096,1818,rsrch,3243180032,0
128166373101847000,Write,8192,1312,rsrch,6216929280,0
128166373101847000,Write,4096,1284,rsrch,3267555328,0
128166373101847000,Write,4096,1220,rsrch,3276410880,0
128166373101847000,Write,4096,1173,rsrch,3276435456,0
128166373101847000,Write,4096,1171,rsrch,3292561408,0
128166373101847000,Write,4096,1169,rsrch,3276386304,0
128166373101847000,Write,4096,1169,rsrch,3221377024,0
128166373101847000,Write,4096,1163,rsrch,3228045312,0
128166373111846000,Write,4096,2629,rsrch,221343744,0
128166373111846000,Write,4096,2168,rsrch,1100881920,0
128166373120751000,Write,49152,3631,rsrch,3201445888,0
128166373120753000,Write,4096,1221,rsrch,3154132992,0
128166373120753000,Write,4096,1196,rsrch,3154124800,0
128166373141846000,Write,4096,2460,rsrch,1412071424,0
128166373141846000,Write,2560,2029,rsrch,13081899008,0
128166373170751000,Write,49152,3488,rsrch,3201495040,0
128166373170753000,Write,4096,1120,rsrch,3154137088,0
128166373170753000,Write,4096,1097,rsrch,3154128896,0
128166373235907000,Write,49152,3366,rsrch,3201544192,0
128166373235908000,Write,512,1980,rsrch,7478116352,0
128166373235908000,Write,16384,1882,rsrch,8598986752,0
128166373235909000,Write,16384,1761,rsrch,8587796480,0
128166373235909000,Write,16384,1688,rsrch,8587796480,0
128166373235909000,Write,16384,1653,rsrch,8696414208,0
128166373235909000,Write,4096,1488,rsrch,7478124544,0
128166373235909000,Write,4096,1470,rsrch,3154132992,0
128166373235909000,Write,7680,1434,rsrch,7478116864,0
128166373235909000,Write,4096,1356,rsrch,3154132992,0
128166373235909000,Write,8192,1308,rsrch,7478132736,0
128166373235909000,Write,4096,1290,rsrch,3154124800,0
128166373235909000,Write,4096,1258,rsrch,3201593344,0
128166373235909000,Write,512,1242,rsrch,7478116352,0
128166373235909000,Write,4096,1147,rsrch,7478128640,0
128166373235909000,Write,4096,1134,rsrch,8587796480,0
128166373235909000,Write,4096,1131,rsrch,3154137088,0
128166373235909000,Write,4096,1128,rsrch,3154137088,0
128166373285908000,Write,4096,1721,rsrch,3154132992,0
128166373285909000,Write,4096,1124,rsrch,3302887424,0
128166373320907000,Write,4096,2971,rsrch,7818829824,0
128166373320907000,Write,4096,2961,rsrch,7818829824,0
128166373320908000,Write,4096,2336,rsrch,7818776576,0
128166373320908000,Write,4096,2315,rsrch,7818776576,0
128166373320908000,Write,8192,2028,rsrch,14068207616,0
128166373320908000,Write,8192,1810,rsrch,8979197952,0
128166373320908000,Write,4096,1716,rsrch,7852126208,0
128166373320908000,Write,4096,1708,rsrch,7852126208,0
128166373320908000,Write,4096,1696,rsrch,3201597440,0
128166373320908000,Write,8192,1664,rsrch,2022240256,0
128166373320909000,Write,4096,1468,rsrch,3154132992,0
128166373320909000,Write,8192,1422,rsrch,2022240256,0
128166373320909000,Write,8192,1388,rsrch,8979197952,0
128166373320909000,Write,8192,1370,rsrch,2500763648,0
128166373320909000,Write,8192,1370,rsrch,14068207616,0
128166373320909000,Write,8192,1353,rsrch,2500763648,0
128166373320909000,Write,4096,1226,rsrch,3154137088,0
128166373320909000,Write,4096,1225,rsrch,3154137088,0
128166373320909000,Write,4096,1211,rsrch,3154132992,0
128166373335906000,Write,49152,3471,rsrch,3201601536,0
128166373335909000,Write,4096,1152,rsrch,3154137088,0
128166373335909000,Write,4096,1121,rsrch,3154128896,0
128166373337783000,Write,4096,1665,rsrch,1317453824,0
128166373357783000,Write,4096,1706,rsrch,3154132992,0
128166373357783000,Write,4096,1594,rsrch,3299819520,0
128166373357784000,Write,8192,1319,rsrch,6216929280,0
128166373357784000,Write,4096,1211,rsrch,1278550016,0
128166373357784000,Write,4096,1175,rsrch,3228045312,0
128166373357784000,Write,4096,1162,rsrch,3302887424,0
128166373385906000,Write,49152,3562,rsrch,3201650688,0
128166373385909000,Write,4096,1177,rsrch,3154137088,0
128166373385909000,Write,4096,1162,rsrch,3154124800,0
128166373387313000,Write,16384,2611,rsrch,8587796480,0
128166373387314000,Write,16384,1998,rsrch,8588992512,0
128166373387314000,Write,16384,1901,rsrch,8597577728,0
128166373387314000,Write,4096,1725,rsrch,3154137088,0
128166373387314000,Write,16384,1677,rsrch,8598085632,0
128166373387314000,Write,16384,1667,rsrch,8587796480,0
128166373387314000,Write,4096,1561,rsrch,8587796480,0
128166373387314000,Write,512,1522,rsrch,7478116352,0
128166373387315000,Write,7680,1284,rsrch,7478116864,0
128166373387315000,Write,4096,1118,rsrch,7478124544,0
128166373387315000,Write,4096,1116,rsrch,3154132992,0
128166373387315000,Write,4096,1115,rsrch,3154132992,0
128166373387315000,Write,4096,1114,rsrch,3154137088,0
128166373387315000,Write,4096,1097,rsrch,7478128640,0
128166373387315000,Write,4096,1090,rsrch,7478132736,0
128166373387315000,Write,4096,1080,rsrch,7478136832,0
128166373387315000,Write,512,999,rsrch,7478116352,0
128166373437312000,Write,49152,3597,rsrch,3201699840,0
128166373437315000,Write,4096,1184,rsrch,3154132992,0
