128166385295514000,Write,2048,2833,9056014336,hm,0
128166385295514000,Write,512,2617,11855351808,hm,0
128166385295515000,Write,4096,2320,5548077056,hm,0
128166385301451000,Write,40960,3438,3163095040,hm,0
128166385301453000,Write,4096,1037,3154132992,hm,0
128166385301454000,Write,4096,883,3154128896,hm,0
128166385305515000,Write,1536,2135,1444548608,hm,0
128166385305515000,Write,1024,2054,5584445440,hm,0
128166385315513000,Write,16384,3625,8477745152,hm,0
128166385315514000,Write,8192,2875,8477937664,hm,0
128166385315514000,Write,4096,2868,11026329600,hm,0
128166385315515000,Write,1024,2324,369532928,hm,0
128166385325514000,Write,4096,2751,8141848576,hm,0
128166385325514000,Write,5632,2333,6263287808,hm,0
128166385334109000,Write,512,1950,1023467520,hm,0
128166385334109000,Write,1024,1626,1024086016,hm,0
128166385334109000,Write,8192,1604,13532673536,hm,0
128166385334109000,Write,5632,1463,13532667904,hm,0
128166385334109000,Write,16384,1385,1885716480,hm,0
128166385334109000,Write,16384,1383,5938913280,hm,0
128166385334109000,Write,16384,1346,1885716480,hm,0
128166385334109000,Write,7680,1267,1023476224,hm,0
128166385334109000,Write,4096,1139,3154137088,hm,0
128166385334109000,Write,512,1065,1023475712,hm,0
128166385334109000,Write,8192,1054,6172327936,hm,0
128166385334110000,Write,2560,988,1023473152,hm,0
128166385334110000,Write,4096,987,1023469056,hm,0
128166385334110000,Write,4096,966,1885716480,hm,0
128166385334110000,Write,4096,939,3154132992,hm,0
128166385334110000,Write,4096,919,3163136000,hm,0
128166385334110000,Write,4096,914,3227922432,hm,0
128166385334110000,Write,4096,892,1023483904,hm,0
128166385334110000,Write,4096,885,3154137088,hm,0
128166385334110000,Write,4096,862,1023483904,hm,0
128166385334110000,Write,4096,861,1023483904,hm,0
128166385334110000,Write,4096,838,3154137088,hm,0
128166385334110000,Write,4096,823,3227922432,hm,0
128166385334110000,Write,4096,802,3154132992,hm,0
128166385334110000,Write,1024,728,1023468032,hm,0
128166385334110000,Write,512,686,1023467520,hm,0
128166385334265000,Write,16384,1763,200626176,hm,0
128166385334265000,Write,1024,1695,1076269056,hm,0
128166385334265000,Write,1024,1689,1064435712,hm,0
128166385334265000,Write,16384,1630,211292160,hm,0
128166385334265000,Write,4096,1466,293150720,hm,0
128166385334265000,Write,4096,1433,3154132992,hm,0
128166385334265000,Write,16384,1428,209457152,hm,0
128166385334265000,Write,16384,1414,200626176,hm,0
128166385334265000,Write,4096,1413,1042001920,hm,0
128166385334265000,Write,16384,1402,292958208,hm,0
128166385334265000,Write,4096,1369,1068384256,hm,0
128166385334265000,Write,16384,1364,293138432,hm,0
128166385334265000,Write,16384,1353,292958208,hm,0
128166385334265000,Write,512,1284,1160540160,hm,0
128166385334265000,Write,4096,1251,3154137088,hm,0
128166385334266000,Write,4096,1241,292962304,hm,0
128166385334266000,Write,4096,1209,292958208,hm,0
128166385334266000,Write,4096,1143,1024087040,hm,0
128166385334266000,Write,512,1126,1160540160,hm,0
128166385334266000,Write,4096,1017,3163144192,hm,0
128166385334266000,Write,3072,989,1024091136,hm,0
128166385334266000,Write,4096,984,3154132992,hm,0
128166385334266000,Write,4096,933,1160541184,hm,0
128166385334266000,Write,4096,924,3154137088,hm,0
128166385334266000,Write,3072,918,1064436736,hm,0
128166385334266000,Write,4096,886,3163140096,hm,0
128166385334266000,Write,4096,857,200626176,hm,0
128166385334266000,Write,4096,853,3154132992,hm,0
128166385334266000,Write,4096,835,3154132992,hm,0
128166385334266000,Write,4096,833,3154137088,hm,0
128166385334266000,Write,4096,818,1160545280,hm,0
128166385334266000,Write,4096,814,292958208,hm,0
128166385334266000,Write,4096,801,292958208,hm,0
128166385334266000,Write,512,718,1023475712,hm,0
128166385334266000,Write,512,713,1160540672,hm,0
128166385351452000,Write,4096,2076,6334689280,hm,0
128166385357546000,Write,8192,2191,22728704,hm,0
128166385357546000,Write,8192,2036,331210752,hm,0
128166385357546000,Write,1536,1893,1417940992,hm,0
128166385357546000,Write,24576,1890,9186996224,hm,0
128166385357546000,Write,16384,1888,1501065216,hm,0
128166385357546000,Write,24576,1870,9186996224,hm,0
128166385357546000,Write,24576,1770,1500917760,hm,0
128166385357546000,Write,24576,1767,1500917760,hm,0
128166385357546000,Write,8192,1710,1500958720,hm,0
128166385357546000,Write,1536,1708,1417940992,hm,0
128166385357546000,Write,8192,1616,864067584,hm,0
128166385357546000,Write,8192,1586,1501089792,hm,0
128166385357546000,Write,8192,1522,5770559488,hm,0
128166385357546000,Write,8192,1500,250417152,hm,0
128166385357546000,Write,4096,1474,663928832,hm,0
128166385357546000,Write,16384,1390,1501065216,hm,0
128166385357546000,Write,4096,1367,663928832,hm,0
128166385357547000,Write,8192,1310,22982656,hm,0
128166385357547000,Write,4096,1209,3163148288,hm,0
128166385357547000,Write,8192,1165,1501089792,hm,0
128166385357547000,Write,8192,1124,331210752,hm,0
128166385357547000,Write,8192,1083,864067584,hm,0
128166385357547000,Write,4096,1073,432615424,hm,0
128166385357547000,Write,8192,1069,22728704,hm,0
128166385357547000,Write,8192,1064,5770559488,hm,0
128166385357547000,Write,8192,1062,22982656,hm,0
128166385357547000,Write,8192,1058,1500958720,hm,0
128166385357547000,Write,8192,1040,250417152,hm,0
128166385357547000,Write,4096,1023,432615424,hm,0
128166385357547000,Write,4096,904,3154132992,hm,0
128166385357547000,Write,4096,882,3154137088,hm,0
128166385357547000,Write,4096,831,3154132992,hm,0
128166385357547000,Write,4096,829,3154137088,hm,0
128166385368421000,Read,4096,63820,1898643456,hm,0
128166385396608000,Write,1024,1671,1064435712,hm,0
128166385396609000,Write,1024,1551,1076269056,hm,0
128166385396609000,Write,16384,1448,200626176,hm,0
128166385396609000,Write,4096,1443,1024087040,hm,0
128166385396609000,Write,16384,1428,200953856,hm,0
128166385396609000,Write,512,1428,1023475712,hm,0
128166385396609000,Write,16384,1423,211292160,hm,0
128166385396609000,Write,16384,1412,200626176,hm,0
128166385396609000,Write,1024,1412,1024086016,hm,0
128166385396609000,Write,4096,1399,1042001920,hm,0
128166385396609000,Write,16384,1383,210767872,hm,0
128166385396609000,Write,1024,1267,1068384256,hm,0
128166385396609000,Write,4096,1252,3154132992,hm,0
128166385396609000,Write,3072,1242,1068385280,hm,0
128166385396609000,Write,4096,1206,3154137088,hm,0
128166385396609000,Write,7680,1103,1023476224,hm,0
128166385396609000,Write,4096,1078,3163152384,hm,0
128166385396609000,Write,512,986,1023475712,hm,0
128166385396609000,Write,3072,980,1064436736,hm,0
128166385396609000,Write,3072,970,1024091136,hm,0
128166385396609000,Write,4096,925,3154132992,hm,0
128166385396609000,Write,4096,885,3154137088,hm,0
128166385396609000,Write,4096,868,200626176,hm,0
128166385401451000,Write,36864,3267,3163156480,hm,0
128166385401453000,Write,4096,937,3154137088,hm,0
128166385401453000,Write,4096,833,3154124800,hm,0
128166385405514000,Write,4096,1910,1612193792,hm,0
128166385415514000,Write,4096,2020,8477757440,hm,0
128166385425514000,Write,4096,2048,11812225024,hm,0
128166385432702000,Write,8192,2081,835952640,hm,0
128166385432702000,Write,16384,1883,5770657792,hm,0
128166385432702000,Write,8192,1867,5770633216,hm,0
128166385432702000,Write,1536,1733,702128128,hm,0
128166385432702000,Write,1536,1719,702128128,hm,0
128166385432702000,Write,8192,1555,1609121792,hm,0
128166385432702000,Write,8192,1507,5770682368,hm,0
128166385432702000,Write,16384,1383,5770657792,hm,0
128166385432702000,Write,4096,1367,1316483072,hm,0
128166385432702000,Write,4096,1368,1316483072,hm,0
128166385432702000,Write,8192,1346,1159499776,hm,0
128166385432702000,Write,4096,1342,3154132992,hm,0
128166385432702000,Write,4096,1247,3163193344,hm,0
128166385432702000,Write,8192,1181,980865024,hm,0
128166385432702000,Write,8192,1148,5770592256,hm,0
128166385432702000,Write,8192,1135,9029505024,hm,0
128166385432702000,Write,8192,1132,1829322752,hm,0
128166385432702000,Write,8192,1119,1829322752,hm,0
128166385432703000,Write,8192,1080,1159499776,hm,0
128166385432703000,Write,8192,1070,9029505024,hm,0
128166385432703000,Write,8192,1063,5770608640,hm,0
128166385432703000,Write,8192,1059,5770633216,hm,0
128166385432703000,Write,8192,1057,1192382464,hm,0
128166385432703000,Write,8192,1052,5770592256,hm,0
128166385432703000,Write,8192,1050,5770682368,hm,0
128166385432703000,Write,8192,1049,5770608640,hm,0
128166385432703000,Write,8192,1046,1609121792,hm,0
128166385432703000,Write,8192,1043,980865024,hm,0
128166385432703000,Write,8192,1042,835952640,hm,0
128166385432703000,Write,8192,1020,1192382464,hm,0
128166385432703000,Write,4096,1006,571084800,hm,0
128166385432703000,Write,4096,991,571084800,hm,0
128166385432703000,Write,4096,890,3154132992,hm,0
128166385432703000,Write,4096,877,3154137088,hm,0
128166385435514000,Write,4096,2043,177774592,hm,0
128166385445514000,Write,1536,1565,6263291904,hm,0
128166385451450000,Write,36864,3259,3163197440,hm,0
128166385451453000,Write,4096,940,3154137088,hm,0
128166385451453000,Write,4096,846,3154128896,hm,0
128166385475514000,Write,4096,2310,12603961344,hm,0
128166385475514000,Write,4096,2219,1023483904,hm,0
128166385485514000,Write,4096,2038,590073856,hm,0
128166385495513000,Write,8192,2227,8477757440,hm,0
128166385501450000,Write,36864,3301,3163234304,hm,0
128166385501452000,Write,4096,936,3154132992,hm,0
128166385501452000,Write,4096,841,3154124800,hm,0
128166385505514000,Write,4096,1942,3267239936,hm,0
128166385505515000,Write,4096,912,3282030592,hm,0
128166385505515000,Write,4096,868,3224608768,hm,0
128166385505515000,Write,4096,867,3221323776,hm,0
128166385505515000,Write,4096,858,3285921792,hm,0
128166385505670000,Write,4096,1633,3227648000,hm,0
128166385505670000,Write,8192,1526,3229863936,hm,0
128166385505671000,Write,4096,1155,3227922432,hm,0
128166385505671000,Write,4096,934,3232870400,hm,0
128166385505671000,Write,4096,935,3224842240,hm,0
128166385505671000,Write,4096,902,3224903680,hm,0
128166385505671000,Write,4096,892,3227525120,hm,0
128166385505671000,Write,4096,886,3260215296,hm,0
128166385505671000,Write,4096,865,3224940544,hm,0
128166385505671000,Write,4096,856,3224870912,hm,0
128166385515514000,Write,4096,2063,9102016512,hm,0
128166385525514000,Write,2560,1970,13523419136,hm,0
128166385535513000,Write,4096,2026,1351806976,hm,0
128166385545513000,Write,4096,2694,1564618752,hm,0
128166385545513000,Write,4096,2067,1024102400,hm,0
128166385545514000,Write,4096,1367,1511247872,hm,0
128166385545514000,Write,4096,1023,1518841856,hm,0
128166385545514000,Write,4096,976,1336467456,hm,0
128166385551450000,Write,36864,3276,3163271168,hm,0
128166385551452000,Write,4096,947,3154137088,hm,0
128166385551452000,Write,4096,848,3154128896,hm,0
128166385585513000,Write,1536,1988,6263291904,hm,0
128166385601450000,Write,4096,2085,1612193792,hm,0
128166385615669000,Write,4096,2033,8477761536,hm,0
128166385625669000,Write,12288,2521,3163308032,hm,0
128166385625670000,Write,4096,962,3154132992,hm,0
128166385625670000,Write,4096,889,6334689280,hm,0
128166385645669000,Write,8192,2180,8477761536,hm,0
128166385651449000,Write,36864,3300,3163320320,hm,0
128166385651451000,Write,4096,927,3154137088,hm,0
128166385651451000,Write,4096,840,3154124800,hm,0
128166385675669000,Write,4096,2157,11812225024,hm,0
128166385677960000,Read,4096,54293,8316567552,hm,0
128166385678013000,Write,4096,1620,13575025152,hm,0
128166385678014000,Write,512,732,13574987776,hm,0
128166385691450000,Write,8192,2175,1609129984,hm,0
128166385691450000,Write,1536,2109,1417940992,hm,0
128166385691450000,Write,4096,1764,663928832,hm,0
128166385691450000,Write,24576,1736,1744355328,hm,0
128166385691450000,Write,24576,1734,1744355328,hm,0
128166385691450000,Write,1536,1732,1417940992,hm,0
128166385691450000,Write,16384,1557,6153113600,hm,0
128166385691451000,Write,4096,1401,3154137088,hm,0
128166385691451000,Write,4096,1395,663928832,hm,0
128166385691451000,Write,16384,1394,6153023488,hm,0
128166385691451000,Write,16384,1392,6153023488,hm,0
128166385691451000,Write,8192,1388,9186996224,hm,0
128166385691451000,Write,16384,1389,6153113600,hm,0
128166385691451000,Write,4096,1340,432615424,hm,0
128166385691451000,Write,8192,1290,1609162752,hm,0
128166385691451000,Write,4096,1236,3154132992,hm,0
128166385691451000,Write,8192,1163,9186996224,hm,0
128166385691451000,Write,8192,1072,1609162752,hm,0
128166385691451000,Write,8192,1061,1609129984,hm,0
128166385691451000,Write,8192,1059,6153089024,hm,0
128166385691451000,Write,8192,1058,6153089024,hm,0
128166385691451000,Write,8192,1055,1744388096,hm,0
128166385691451000,Write,8192,1048,1744388096,hm,0
128166385691451000,Write,8192,1043,1744412672,hm,0
128166385691451000,Write,8192,1040,1744412672,hm,0
128166385691451000,Write,4096,1015,432615424,hm,0
128166385691451000,Write,4096,883,3154137088,hm,0
128166385691451000,Write,4096,859,3154132992,hm,0
128166385701448000,Write,40960,3415,3163357184,hm,0
128166385701451000,Write,4096,959,3154132992,hm,0
128166385701451000,Write,4096,847,3154128896,hm,0
128166385719354000,Read,32768,66141,8477777920,hm,0
128166385725668000,Write,20480,2738,3260473344,hm,0
128166385725669000,Write,4096,1496,3262017536,hm,0
128166385725669000,Write,4096,1488,3251716096,hm,0
128166385725669000,Write,16384,1475,3262128128,hm,0
128166385725669000,Write,4096,1463,3241185280,hm,0
128166385725669000,Write,4096,1437,3244531712,hm,0
128166385725669000,Write,4096,1370,3261743104,hm,0
128166385725669000,Write,8192,1349,3229863936,hm,0
128166385725669000,Write,4096,1218,3251793920,hm,0
128166385725669000,Write,4096,1198,3262148608,hm,0
128166385725669000,Write,4096,1168,3236052992,hm,0
128166385725669000,Write,4096,1164,3244765184,hm,0
128166385725669000,Write,4096,1157,3247497216,hm,0
128166385725669000,Write,8192,1146,3262050304,hm,0
128166385725669000,Write,4096,1112,3236073472,hm,0
128166385725669000,Write,4096,1073,3261726720,hm,0
128166385725670000,Write,4096,989,3227914240,hm,0
128166385725670000,Write,4096,988,3261509632,hm,0
128166385725670000,Write,4096,955,3224940544,hm,0
128166385725670000,Write,4096,924,3261386752,hm,0
128166385725670000,Write,4096,922,3261521920,hm,0
128166385725670000,Write,4096,914,3224465408,hm,0
128166385725670000,Write,4096,909,3262169088,hm,0
128166385725670000,Write,4096,899,3227648000,hm,0
128166385725670000,Write,4096,889,3261698048,hm,0
128166385725670000,Write,4096,884,3241988096,hm,0
128166385725670000,Write,4096,874,3261452288,hm,0
128166385725670000,Write,4096,864,3261435904,hm,0
128166385725670000,Write,4096,859,3261706240,hm,0
128166385727959000,Read,8192,55270,5548068864,hm,0
128166385735669000,Write,4096,1806,251133952,hm,0
128166385745669000,Write,4096,1754,1455263744,hm,0
128166385751448000,Write,36864,3251,3163398144,hm,0
128166385751451000,Write,4096,967,3154137088,hm,0
128166385751451000,Write,4096,858,3154124800,hm,0
128166385765668000,Write,3072,1947,6263291904,hm,0
128166385785668000,Write,4608,2206,12603961344,hm,0
128166385795666000,Write,36864,3699,8477765632,hm,0
128166385801449000,Write,4096,2078,3227648000,hm,0
128166385851448000,Write,36864,3274,3163435008,hm,0
128166385851450000,Write,4096,935,3154132992,hm,0
128166385851450000,Write,4096,839,3154128896,hm,0
128166385855355000,Write,512,1767,1023475712,hm,0
128166385855355000,Write,16384,1740,200626176,hm,0
128166385855356000,Write,1024,1597,1042001920,hm,0
128166385855356000,Write,1024,1400,1024086016,hm,0
128166385855356000,Write,16384,1379,9380630528,hm,0
128166385855356000,Write,16384,1365,5976707072,hm,0
128166385855356000,Write,16384,1364,200626176,hm,0
128166385855356000,Write,3072,1352,1024091136,hm,0
128166385855356000,Write,4096,1255,3154132992,hm,0
128166385855356000,Write,4096,1188,3163471872,hm,0
128166385855356000,Write,1024,1181,1064435712,hm,0
128166385855356000,Write,4096,1156,1024087040,hm,0
128166385855356000,Write,7680,1080,1023476224,hm,0
128166385855356000,Write,512,944,1023475712,hm,0
128166385855356000,Write,3072,900,1042002944,hm,0
128166385855356000,Write,4096,893,3154137088,hm,0
128166385855356000,Write,4096,892,3154137088,hm,0
128166385855356000,Write,4096,850,200626176,hm,0
128166385855356000,Write,4096,814,3154132992,hm,0
128166385865668000,Write,4096,2033,6263291904,hm,0
128166385885667000,Write,4096,2169,8477798400,hm,0
128166385893323000,Write,1536,2173,17625088,hm,0
128166385901449000,Write,4096,2010,590073856,hm,0
128166385951447000,Write,40960,3407,3163475968,hm,0
128166385951606000,Write,4096,938,3154137088,hm,0
128166385951606000,Write,4096,843,3154124800,hm,0
128166385965667000,Write,8192,2356,8477798400,hm,0
128166385991760000,Write,8192,2203,331210752,hm,0
128166385991761000,Write,16384,1959,6142021632,hm,0
128166385991761000,Write,1536,1825,702128128,hm,0
128166385991761000,Write,8192,1752,6153277440,hm,0
128166385991761000,Write,1536,1748,702128128,hm,0
128166385991761000,Write,16384,1696,5514076160,hm,0
128166385991761000,Write,16384,1506,6153138176,hm,0
128166385991761000,Write,4096,1417,1316483072,hm,0
128166385991761000,Write,4096,1400,1316483072,hm,0
128166385991761000,Write,16384,1390,6153138176,hm,0
128166385991761000,Write,16384,1387,6142021632,hm,0
128166385991761000,Write,16384,1384,5514076160,hm,0
128166385991761000,Write,8192,1352,1159499776,hm,0
128166385991761000,Write,8192,1184,6153170944,hm,0
128166385991761000,Write,8192,1171,1159499776,hm,0
128166385991761000,Write,8192,1166,864067584,hm,0
128166385991761000,Write,8192,1152,5514043392,hm,0
128166385991761000,Write,4096,1141,3154132992,hm,0
128166385991761000,Write,8192,1114,6153220096,hm,0
128166385991761000,Write,8192,1073,6153220096,hm,0
128166385991761000,Write,8192,1057,5514043392,hm,0
128166385991761000,Write,8192,1056,864067584,hm,0
128166385991761000,Write,8192,1051,6153170944,hm,0
128166385991762000,Write,8192,1039,6153277440,hm,0
128166385991762000,Write,8192,1039,331210752,hm,0
128166385991762000,Write,4096,1026,571084800,hm,0
128166385991762000,Write,4096,1014,571084800,hm,0
128166385991762000,Write,4096,991,3154137088,hm,0
128166385991762000,Write,4096,868,3154137088,hm,0
128166385991762000,Write,4096,860,3154132992,hm,0
128166385996604000,Write,512,1794,1023475712,hm,0
128166385996605000,Write,1024,1734,1064435712,hm,0
128166385996605000,Write,1024,1473,1076269056,hm,0
128166385996605000,Write,4096,1451,1042001920,hm,0
128166385996605000,Write,16384,1445,200626176,hm,0
128166385996605000,Write,16384,1429,210767872,hm,0
128166385996605000,Write,16384,1417,200626176,hm,0
128166385996605000,Write,1024,1413,1024086016,hm,0
128166385996605000,Write,16384,1400,200953856,hm,0
128166385996605000,Write,16384,1390,211292160,hm,0
128166385996605000,Write,4096,1184,1024087040,hm,0
128166385996605000,Write,1024,1172,1068384256,hm,0
128166385996605000,Write,3072,1147,1068385280,hm,0
128166385996605000,Write,4096,1146,3154137088,hm,0
128166385996605000,Write,4096,1139,3154132992,hm,0
128166385996605000,Write,4096,1124,3163516928,hm,0
128166385996605000,Write,7680,1093,1023476224,hm,0
128166385996605000,Write,4096,1072,3154132992,hm,0
128166385996605000,Write,512,1032,1023475712,hm,0
128166385996605000,Write,3072,992,1024091136,hm,0
128166385996605000,Write,3072,887,1064436736,hm,0
128166385996605000,Write,4096,857,3154137088,hm,0
128166385996605000,Write,4096,853,200626176,hm,0
128166386001604000,Write,4096,2028,3224940544,hm,0
128166386005667000,Write,4608,1872,6263291904,hm,0
128166386015666000,Write,4096,2152,3260215296,hm,0
128166386015668000,Write,8192,1050,3229863936,hm,0
128166386015668000,Write,4096,939,3154132992,hm,0
128166386015668000,Write,4096,930,3232870400,hm,0
128166386015668000,Write,4096,878,3227922432,hm,0
128166386015668000,Write,4096,862,3227648000,hm,0
128166386015668000,Write,4096,860,3224940544,hm,0
128166386015668000,Write,4096,832,3224608768,hm,0
128166386025666000,Write,4096,2779,6334689280,hm,0
128166386025666000,Write,4096,2443,1023483904,hm,0
128166386025666000,Write,4096,2309,11812225024,hm,0
128166386051603000,Write,36864,3102,3163521024,hm,0
128166386051605000,Write,4096,1067,3154137088,hm,0
128166386051605000,Write,4096,839,3154128896,hm,0
128166386083635000,Write,1536,2438,12603965440,hm,0
128166386083635000,Write,4096,2131,8477802496,hm,0
128166386133633000,Write,36864,3392,3163557888,hm,0
128166386133636000,Write,4096,1070,3154132992,hm,0
128166386133636000,Write,4096,827,3154124800,hm,0
128166386143635000,Write,1024,1959,6263296000,hm,0
128166386183634000,Write,4096,2030,3232870400,hm,0
128166386233633000,Write,36864,3350,3163594752,hm,0
128166386233635000,Write,4096,1150,3154137088,hm,0
128166386233635000,Write,4096,831,3154128896,hm,0
128166386243633000,Write,4096,2814,3246813184,hm,0
128166386243634000,Write,4096,2155,11812225024,hm,0
128166386243635000,Write,4096,926,3260215296,hm,0
128166386243635000,Write,4096,884,3224948736,hm,0
128166386243635000,Write,4096,842,3224940544,hm,0
128166386253634000,Write,4096,2064,8477802496,hm,0
128166386269204000,Read,4096,57057,2671439872,hm,0
128166386283633000,Write,36864,2529,3163631616,hm,0
128166386283634000,Write,1024,1825,6263296000,hm,0
128166386283634000,Write,4096,1629,3154132992,hm,0
128166386283635000,Write,4096,943,3154124800,hm,0
128166386292071000,Write,16384,2412,6018031616,hm,0
128166386292071000,Write,8192,2154,1609129984,hm,0
128166386292071000,Write,1536,2116,1417940992,hm,0
128166386292071000,Write,4096,1784,663928832,hm,0
128166386292071000,Write,1536,1756,1417940992,hm,0
128166386292072000,Write,8192,1610,6018105344,hm,0
128166386292072000,Write,8192,1406,9186996224,hm,0
128166386292072000,Write,16384,1404,6018031616,hm,0
128166386292072000,Write,16384,1388,5514182656,hm,0
128166386292072000,Write,4096,1386,663928832,hm,0
128166386292072000,Write,16384,1379,5514182656,hm,0
128166386292072000,Write,4096,1356,432615424,hm,0
128166386292072000,Write,4096,1335,3163668480,hm,0
128166386292072000,Write,8192,1271,6018170880,hm,0
128166386292072000,Write,8192,1182,1609162752,hm,0
128166386292072000,Write,4096,1181,3154137088,hm,0
128166386292072000,Write,8192,1144,5514108928,hm,0
128166386292072000,Write,4096,1138,3154137088,hm,0
128166386292072000,Write,8192,1132,6018121728,hm,0
128166386292072000,Write,8192,1103,9186996224,hm,0
128166386292072000,Write,8192,1077,1609129984,hm,0
128166386292072000,Write,8192,1070,5514158080,hm,0
128166386292072000,Write,8192,1069,1609162752,hm,0
128166386292072000,Write,8192,1056,5514108928,hm,0
128166386292072000,Write,8192,1051,6074646528,hm,0
128166386292072000,Write,8192,1047,6018105344,hm,0
128166386292072000,Write,8192,1046,5514158080,hm,0
128166386292072000,Write,8192,1045,6074646528,hm,0
128166386292072000,Write,8192,1042,6018121728,hm,0
128166386292072000,Write,8192,1038,6018170880,hm,0
128166386292072000,Write,4096,1009,432615424,hm,0
128166386292072000,Write,4096,871,3154132992,hm,0
128166386292228000,Write,4096,1344,3154132992,hm,0
128166386303633000,Write,4096,2065,6334689280,hm,0
128166386333632000,Write,32768,3213,3163672576,hm,0
128166386333634000,Write,4096,924,3154137088,hm,0
128166386333635000,Write,4096,846,3154128896,hm,0
128166386343634000,Write,4096,1743,630075392,hm,0
128166386383633000,Write,36864,2514,3163705344,hm,0
128166386383633000,Write,2048,1968,12603965440,hm,0
128166386383634000,Write,4096,914,3154132992,hm,0
128166386383634000,Write,4096,822,3154124800,hm,0
128166386423633000,Write,3072,2092,6263296000,hm,0
128166386433633000,Write,4096,2045,3163742208,hm,0
128166386433634000,Write,4096,904,3224940544,hm,0
128166386443633000,Write,4096,2054,3227648000,hm,0
128166386443634000,Write,8192,1099,3229863936,hm,0
128166386443634000,Write,4096,869,3232870400,hm,0
128166386443634000,Write,4096,861,3260215296,hm,0
128166386483632000,Write,36864,2771,3163746304,hm,0
128166386483632000,Write,2560,1938,1444548608,hm,0
128166386483633000,Write,4096,907,3154137088,hm,0
128166386483634000,Write,4096,810,3154128896,hm,0
128166386493632000,Write,2560,2048,369532928,hm,0
128166386503632000,Write,2560,1979,1444548608,hm,0
128166386505507000,Write,1024,1777,1064435712,hm,0
128166386505508000,Write,512,1578,1023475712,hm,0
128166386505508000,Write,16384,1506,200626176,hm,0
128166386505508000,Write,3072,1474,1042002944,hm,0
128166386505508000,Write,16384,1435,5976707072,hm,0
128166386505508000,Write,1024,1419,1024086016,hm,0
128166386505508000,Write,16384,1395,9380630528,hm,0
128166386505508000,Write,16384,1386,200626176,hm,0
128166386505508000,Write,1024,1198,1042001920,hm,0
128166386505508000,Write,4096,1197,1024087040,hm,0
128166386505508000,Write,4096,1177,3163783168,hm,0
128166386505508000,Write,4096,1112,3154132992,hm,0
128166386505508000,Write,7680,1091,1023476224,hm,0
128166386505508000,Write,512,1014,1023475712,hm,0
128166386505508000,Write,4096,939,3154137088,hm,0
128166386505508000,Write,4096,912,3154137088,hm,0
128166386505508000,Write,3072,910,1024091136,hm,0
128166386505508000,Write,4096,885,3154132992,hm,0
128166386505508000,Write,4096,841,200626176,hm,0
128166386533632000,Write,4096,2099,11812225024,hm,0
128166386555128000,Read,1536,68413,329748480,hm,0
128166386555194000,Write,28672,2679,3163787264,hm,0
128166386555196000,Write,4096,927,3154132992,hm,0
128166386555300000,Read,4096,208813,11933585408,hm,0
128166386555454000,Read,32768,55170,579637248,hm,0
128166386555463000,Read,32768,45806,580390912,hm,0
128166386555599000,Read,20992,66636,11933585408,hm,0
128166386555662000,Read,8192,3556,11933589504,hm,0
128166386555662000,Read,4096,3322,11933597696,hm,0
128166386555662000,Read,4096,3033,11933601792,hm,0
128166386555785000,Read,16384,36819,11932950528,hm,0
128166386555793000,Read,32768,28669,580186112,hm,0
128166386555799000,Read,32768,22186,11923767296,hm,0
128166386555817000,Read,16384,4410,11932925952,hm,0
128166386555916000,Read,32768,61751,295236608,hm,0
128166386555942000,Read,32768,35810,11923812352,hm,0
128166386555964000,Read,32768,169843,11932520448,hm,0
128166386555968000,Read,32768,9402,11923877888,hm,0
128166386555969000,Read,32768,8731,11923845120,hm,0
128166386555972000,Read,32768,5972,11923771392,hm,0
128166386555972000,Read,32768,5649,11932893184,hm,0
128166386555974000,Read,16384,4163,11932966912,hm,0
128166386555974000,Read,16384,4132,11933028352,hm,0
128166386556213000,Read,32768,77488,11932655616,hm,0
128166386556275000,Read,32768,15455,11932573696,hm,0
128166386556278000,Read,32768,12023,11932610560,hm,0
128166386556285000,Read,32768,5394,11932749824,hm,0
128166386556285000,Read,32768,5374,11932860416,hm,0
128166386556285000,Read,32768,5368,11932463104,hm,0
128166386556285000,Read,32768,5275,11932823552,hm,0
128166386556285000,Read,32768,5275,11932782592,hm,0
128166386556285000,Read,32768,5192,11932712960,hm,0
128166386556286000,Read,16384,4104,11932991488,hm,0
128166386556286000,Read,16384,4030,11933011968,hm,0
128166386556287000,Read,8192,3306,11932983296,hm,0
128166386556287000,Read,4096,2904,11932606464,hm,0
128166386556398000,Read,32768,48114,11935727616,hm,0
128166386556401000,Read,29184,45465,11933343744,hm,0
128166386556441000,Read,32768,5357,11933470720,hm,0
128166386556441000,Read,24576,5253,11935731712,hm,0
128166386556442000,Read,16384,4038,11933528064,hm,0
128166386556443000,Read,12288,3876,11935764480,hm,0
128166386556443000,Read,12288,3859,11933347840,hm,0
128166386556443000,Read,8192,3602,11935756288,hm,0
128166386556443000,Read,4096,3180,11933360128,hm,0
128166386556443000,Read,4096,2958,11933364224,hm,0
128166386556532000,Read,24576,70437,11932495872,hm,0
128166386556581000,Read,2048,21576,11957297152,hm,0
128166386556597000,Read,32768,5286,11935809536,hm,0
128166386556597000,Read,32768,5216,11933495296,hm,0
128166386556598000,Read,28672,4848,11935813632,hm,0
128166386556598000,Read,20480,4217,11933474816,hm,0
128166386556599000,Read,16384,3956,11933548544,hm,0
128166386556599000,Read,8192,3387,11935842304,hm,0
128166386556599000,Read,8192,3291,11935850496,hm,0
128166386556600000,Read,4096,3102,11933544448,hm,0
128166386556724000,Read,65536,34431,11956797440,hm,0
128166386556736000,Read,65536,23037,11956932608,hm,0
128166386556737000,Read,65536,22065,11957129216,hm,0
128166386556740000,Read,65536,19313,11956998144,hm,0
128166386556742000,Read,65536,16523,11957063680,hm,0
128166386556743000,Read,65536,15751,11956867072,hm,0
128166386556756000,Read,4096,3241,11956862976,hm,0
128166386556896000,Read,65536,19578,11957194752,hm,0
128166386556910000,Read,36864,4955,11957260288,hm,0
128166386556912000,Read,2560,159851,11962257408,hm,0
128166386557024000,Read,3072,47893,11958906880,hm,0
128166386557062000,Read,65536,9626,11962159104,hm,0
128166386557066000,Read,32768,5921,11962224640,hm,0
128166386557182000,Read,40960,46068,11942379520,hm,0
128166386557195000,Read,512,32502,11942420480,hm,0
128166386557222000,Read,28672,5421,11958878208,hm,0
128166386557309000,Read,1536,74603,11958083584,hm,0
128166386557315000,Read,512,68502,11895033856,hm,0
128166386557358000,Read,3584,25436,11960188928,hm,0
128166386557380000,Read,12288,3949,11895021568,hm,0
128166386557380000,Read,12288,3886,11932643328,hm,0
128166386557381000,Read,4096,3125,11960184832,hm,0
128166386557381000,Read,4096,2952,11958079488,hm,0
128166386557487000,Read,4096,52835,11947864064,hm,0
128166386557535000,Read,24576,5049,11932688384,hm,0
128166386557536000,Read,20480,4368,11932553216,hm,0
128166386557536000,Read,8192,3808,11923804160,hm,0
128166386557537000,Read,8192,3468,11947937792,hm,0
128166386557537000,Read,4096,3119,11932745728,hm,0
128166386557537000,Read,4096,3038,11947868160,hm,0
128166386557537000,Read,4096,2993,11947933696,hm,0
128166386557632000,Read,4096,64629,11947749376,hm,0
128166386557671000,Read,4096,25360,11948331008,hm,0
128166386557693000,Read,8192,3331,11947798528,hm,0
128166386557693000,Read,8192,3286,11947810816,hm,0
128166386557693000,Read,4096,3198,11947974656,hm,0
128166386557693000,Read,4096,3080,11947962368,hm,0
128166386557693000,Read,4096,3051,11947827200,hm,0
128166386557693000,Read,4096,2987,11947794432,hm,0
128166386557693000,Read,4096,2970,11947913216,hm,0
128166386557693000,Read,4096,2948,11947819008,hm,0
128166386557694000,Read,4096,2916,11947806720,hm,0
128166386557694000,Read,4096,2831,11947823104,hm,0
128166386557695000,Read,4096,1543,11948240896,hm,0
128166386557695000,Read,4096,1151,11948244992,hm,0
128166386557767000,Read,4096,85321,11947855872,hm,0
128166386557802000,Read,4096,50390,11947929600,hm,0
128166386557831000,Read,4096,21869,11947876352,hm,0
128166386557837000,Read,4096,15780,11947765760,hm,0
128166386557840000,Read,16384,12326,11947945984,hm,0
128166386557844000,Read,12288,8689,11947982848,hm,0
128166386557845000,Read,8192,8014,11947966464,hm,0
128166386557850000,Read,4096,3126,11947978752,hm,0
128166386557850000,Read,4096,2843,11947888640,hm,0
128166386557850000,Read,4096,2838,11947880448,hm,0
128166386557850000,Read,4096,2837,11947884544,hm,0
128166386557851000,Read,4096,1655,11947909120,hm,0
128166386557910000,Read,4096,99039,11948900352,hm,0
128166386557979000,Read,4096,30261,11948838912,hm,0
128166386558006000,Read,4096,3125,11948896256,hm,0
128166386558006000,Read,4096,3063,11948802048,hm,0
128166386558006000,Read,4096,3043,11948843008,hm,0
128166386558006000,Read,4096,2911,11948904448,hm,0
128166386558008000,Read,4096,1163,11947896832,hm,0
128166386558008000,Read,4096,869,11947900928,hm,0
128166386558008000,Read,4096,868,11947892736,hm,0
128166386558098000,Read,4096,67525,11947769856,hm,0
128166386558158000,Read,4096,7359,11947831296,hm,0
128166386558161000,Read,12288,3681,11947782144,hm,0
128166386558162000,Read,4096,3182,11948703744,hm,0
128166386558162000,Read,4096,3138,11948879872,hm,0
128166386558162000,Read,4096,3009,11948998656,hm,0
128166386558162000,Read,4096,2999,11948744704,hm,0
128166386558162000,Read,4096,2974,11947778048,hm,0
128166386558162000,Read,4096,2937,11948695552,hm,0
128166386558162000,Read,4096,2902,11948740608,hm,0
128166386558162000,Read,4096,2864,11948699648,hm,0
128166386558162000,Read,4096,2846,11948994560,hm,0
128166386558164000,Read,4096,1185,11947835392,hm,0
128166386558164000,Read,4096,888,11947921408,hm,0
128166386558164000,Read,4096,872,11947859968,hm,0
128166386558164000,Read,4096,870,11947847680,hm,0
128166386558164000,Read,4096,867,11947925504,hm,0
128166386558164000,Read,4096,855,11947851776,hm,0
128166386558306000,Read,8192,14965,11932454912,hm,0
128166386558313000,Read,12288,8819,11947753472,hm,0
128166386558316000,Read,20480,5032,11923910656,hm,0
128166386558317000,Read,16384,3980,11947732992,hm,0
128166386558317000,Read,16384,3944,11947700224,hm,0
128166386558318000,Read,4096,3266,11948830720,hm,0
128166386558318000,Read,4096,3149,11947716608,hm,0
128166386558318000,Read,4096,3136,11948793856,hm,0
128166386558318000,Read,4096,3115,11947696128,hm,0
128166386558318000,Read,4096,3029,11947692032,hm,0
128166386558320000,Read,4096,1306,11948285952,hm,0
128166386558320000,Read,4096,1233,11947773952,hm,0
128166386558320000,Read,4096,1205,11948249088,hm,0
128166386558320000,Read,4096,1194,11948318720,hm,0
128166386558320000,Read,4096,981,11948261376,hm,0
128166386558321000,Read,4096,901,11947905024,hm,0
128166386558425000,Read,4096,52393,11955613696,hm,0
128166386558447000,Read,4096,30235,11947532288,hm,0
128166386558456000,Read,4096,21800,11947565056,hm,0
128166386558473000,Read,4096,4171,11947581440,hm,0
128166386558475000,Read,4096,3056,11947569152,hm,0
128166386558475000,Read,4096,3035,11947720704,hm,0
128166386558475000,Read,4096,3034,11947536384,hm,0
128166386558475000,Read,4096,2983,11947728896,hm,0
128166386558475000,Read,4096,2863,11947577344,hm,0
128166386558571000,Read,4096,63364,11956154368,hm,0
128166386558589000,Read,4096,45271,11954417664,hm,0
128166386558631000,Read,8192,3316,11954409472,hm,0
128166386558631000,Read,4096,3114,11948933120,hm,0
128166386558631000,Read,4096,3054,11954438144,hm,0
128166386558631000,Read,4096,3052,11954421760,hm,0
128166386558631000,Read,4096,3039,11954405376,hm,0
128166386558631000,Read,4096,2961,11954434048,hm,0
128166386558633000,Read,4096,1174,11948326912,hm,0
128166386558742000,Read,4096,48570,11955568640,hm,0
128166386558782000,Read,4096,8260,11954429952,hm,0
128166386558787000,Read,8192,3416,11948888064,hm,0
128166386558787000,Read,4096,3291,11947540480,hm,0
128166386558787000,Read,4096,3244,11948883968,hm,0
128166386558787000,Read,4096,3099,11954425856,hm,0
128166386558896000,Read,4096,50274,11955564544,hm,0
128166386558943000,Read,4096,3284,11955507200,hm,0
128166386558943000,Read,4096,3249,11955511296,hm,0
128166386558943000,Read,4096,3227,11948126208,hm,0
128166386558943000,Read,4096,3089,11955494912,hm,0
128166386558943000,Read,4096,3086,11948105728,hm,0
128166386558943000,Read,4096,3003,11948109824,hm,0
128166386558943000,Read,4096,2948,11955503104,hm,0
128166386558944000,Read,4096,2835,11955499008,hm,0
128166386558945000,Read,4096,1196,11948335104,hm,0
128166386558946000,Read,4096,867,11948339200,hm,0
128166386559036000,Read,4096,67153,11956449280,hm,0
128166386559047000,Read,4096,55378,11955605504,hm,0
128166386559094000,Read,4096,9057,11948834816,hm,0
128166386559099000,Read,8192,3308,11948093440,hm,0
128166386559100000,Read,4096,3122,11948089344,hm,0
128166386559100000,Read,4096,3121,11948826624,hm,0
128166386559100000,Read,4096,3065,11948937216,hm,0
128166386559100000,Read,4096,3033,11947556864,hm,0
128166386559100000,Read,4096,3025,11948924928,hm,0
128166386559100000,Read,4096,3005,11948822528,hm,0
128166386559100000,Read,4096,2970,11956453376,hm,0
128166386559100000,Read,4096,2880,11948711936,hm,0
128166386559100000,Read,4096,2877,11948818432,hm,0
128166386559100000,Read,4096,2828,11948707840,hm,0
128166386559100000,Read,4096,2816,11947560960,hm,0
128166386559100000,Read,32768,2717,11948847104,hm,0
128166386559193000,Read,4096,65691,11955609600,hm,0
128166386559256000,Read,4096,3181,11955716096,hm,0
128166386559256000,Read,4096,3075,11948716032,hm,0
128166386559256000,Read,4096,3056,11948122112,hm,0
128166386559256000,Read,4096,3017,11955765248,hm,0
128166386559324000,Read,4096,91164,11961782272,hm,0
128166386559372000,Read,65536,42764,11961819136,hm,0
128166386559398000,Read,4096,17303,11961757696,hm,0
128166386559408000,Read,4096,6722,11961769984,hm,0
128166386559412000,Read,4096,3424,11961765888,hm,0
128166386559412000,Read,4096,3155,11961761792,hm,0
128166386559413000,Read,4096,2260,11961778176,hm,0
128166386559413000,Read,4096,2208,11961774080,hm,0
128166386559414000,Read,4096,1371,11961798656,hm,0
128166386559414000,Read,4096,1235,11961786368,hm,0
128166386559414000,Read,4096,1142,11961794560,hm,0
128166386559414000,Read,4096,875,11961790464,hm,0
128166386559511000,Read,4096,60779,11958800384,hm,0
128166386559550000,Read,4096,21860,11958513664,hm,0
128166386559568000,Read,4096,3270,11958870016,hm,0
128166386559608000,Read,4096,119660,11958366208,hm,0
128166386559669000,Read,4096,58671,11930660864,hm,0
128166386559701000,Read,32768,26257,11930722304,hm,0
128166386559717000,Read,32768,10934,11930681344,hm,0
128166386559724000,Read,4096,3330,11958517760,hm,0
128166386559725000,Read,4096,3035,11930664960,hm,0
128166386559810000,Read,4096,73783,11958403072,hm,0
128166386559821000,Read,4096,62910,11929542656,hm,0
128166386559876000,Read,4096,8179,11930648576,hm,0
128166386559881000,Read,4096,3219,11929546752,hm,0
128166386559881000,Read,4096,3187,11958861824,hm,0
128166386559881000,Read,4096,3129,11930771456,hm,0
128166386559881000,Read,4096,2957,11958505472,hm,0
128166386559972000,Read,4096,67895,11931037696,hm,0
128166386560036000,Read,8192,3709,11932815360,hm,0
128166386560037000,Read,4096,2921,11931041792,hm,0
128166386560131000,Read,8192,65753,11932942336,hm,0
128166386560179000,Read,65536,17828,11955621888,hm,0
128166386560180000,Read,4096,16813,11955589120,hm,0
128166386560187000,Read,4096,9808,11949035520,hm,0
128166386560188000,Read,4096,8362,11955474432,hm,0
128166386560191000,Read,4096,5477,11955597312,hm,0
128166386560192000,Read,4096,3996,11955601408,hm,0
128166386560193000,Read,4096,3482,11932856320,hm,0
128166386560193000,Read,4096,3249,11955490816,hm,0
128166386560193000,Read,4096,3231,11949039616,hm,0
128166386560194000,Read,4096,2876,11949023232,hm,0
128166386560194000,Read,4096,2834,11949027328,hm,0
128166386560195000,Read,4096,1330,11947872256,hm,0
128166386560195000,Read,4096,1201,11955478528,hm,0
128166386560195000,Read,4096,904,11947917312,hm,0
128166386560294000,Read,4096,59092,11944247296,hm,0
128166386560344000,Read,4096,8540,11947548672,hm,0
128166386560344000,Read,4096,8425,11955593216,hm,0
128166386560350000,Read,4096,3033,11949031424,hm,0
128166386560351000,Read,4096,1189,11947552768,hm,0
128166386560352000,Read,4096,1132,11947544576,hm,0
128166386560451000,Read,4096,58132,11936665600,hm,0
128166386560468000,Read,4096,40436,11928121344,hm,0
128166386560506000,Read,4096,3160,11949019136,hm,0
128166386560594000,Read,4096,70912,11957960704,hm,0
128166386560622000,Read,4096,42992,11960115200,hm,0
128166386560663000,Read,4096,1708,11947585536,hm,0
128166386560788000,Read,4096,33402,11930775552,hm,0
128166386560812000,Read,4096,8969,11948101632,hm,0
128166386560818000,Read,4096,3798,11955560448,hm,0
128166386560950000,Read,4096,27365,11955789824,hm,0
128166386560963000,Read,4096,14640,11930779648,hm,0
128166386560969000,Read,65536,8700,11930820608,hm,0
128166386560969000,Read,4096,8584,11948732416,hm,0
128166386560970000,Read,65536,8068,11958407168,hm,0
128166386560972000,Read,4096,5198,11958349824,hm,0
128166386560974000,Read,4096,3774,11958341632,hm,0
128166386560974000,Read,4096,3310,11958345728,hm,0
128166386560975000,Read,4096,2974,11958362112,hm,0
128166386560976000,Read,4096,1691,11955712000,hm,0
128166386560976000,Read,4096,1671,11948113920,hm,0
128166386560976000,Read,4096,1518,11955687424,hm,0
128166386560976000,Read,4096,1302,11948023808,hm,0
128166386560976000,Read,4096,1266,11948118016,hm,0
128166386560977000,Read,4096,1013,11955707904,hm,0
128166386560977000,Read,4096,969,11955703808,hm,0
128166386561090000,Read,4096,44223,11961253888,hm,0
128166386561102000,Read,65536,31792,11954446336,hm,0
128166386561108000,Read,4096,26252,11954393088,hm,0
128166386561119000,Read,4096,15302,11954397184,hm,0
128166386561131000,Read,2560,2962,11961257984,hm,0
128166386561197000,Read,4096,93518,11930619904,hm,0
128166386561271000,Read,4096,19115,11930615808,hm,0
128166386561277000,Read,16384,12756,11930755072,hm,0
128166386561283000,Read,4096,7148,11930656768,hm,0
128166386561287000,Read,4096,3179,11930673152,hm,0
128166386561287000,Read,4096,3138,11930624000,hm,0
128166386561287000,Read,4096,2932,11930677248,hm,0
128166386561287000,Read,36864,2832,11930783744,hm,0
128166386561375000,Read,4096,71390,1890103296,hm,0
128166386561441000,Read,32768,5565,11958214656,hm,0
128166386561442000,Read,16384,4079,11958259712,hm,0
128166386561443000,Read,4096,3364,11930628096,hm,0
128166386561443000,Read,4096,3032,11958284288,hm,0
128166386561558000,Read,32768,44482,160224256,hm,0
128166386561597000,Read,1024,6018,160271360,hm,0
128166386561598000,Read,13824,4540,160257024,hm,0
128166386561599000,Read,512,3400,160270848,hm,0
128166386561664000,Read,8192,94903,11958251520,hm,0
128166386561754000,Read,24576,5299,11958222848,hm,0
128166386561755000,Read,8192,3704,11958276096,hm,0
128166386561912000,Read,4096,3100,11958218752,hm,0
128166386561914000,Read,4096,1219,11948072960,hm,0
128166386561914000,Read,4096,894,11948077056,hm,0
128166386561914000,Read,4096,886,11948081152,hm,0
128166386561999000,Read,29184,72768,11960004608,hm,0
128166386562068000,Read,8192,3446,11960008704,hm,0
128166386562068000,Read,4096,3320,11960025088,hm,0
128166386562068000,Read,4096,3250,11960029184,hm,0
128166386562068000,Read,4096,3013,11960016896,hm,0
128166386562191000,Read,32768,36615,11935076352,hm,0
128166386562224000,Read,12288,4126,11935080448,hm,0
128166386562224000,Read,8192,3436,11935096832,hm,0
128166386562224000,Read,4096,3244,11960020992,hm,0
128166386562225000,Read,4096,3112,11935092736,hm,0
128166386562226000,Read,12288,1802,11948060672,hm,0
128166386562226000,Read,4096,1351,11961806848,hm,0
128166386562226000,Read,8192,1149,11948044288,hm,0
128166386562227000,Read,4096,980,11948040192,hm,0
128166386562227000,Read,4096,924,11948085248,hm,0
128166386562337000,Read,4096,46942,11955576832,hm,0
128166386562364000,Read,4096,19478,11947393024,hm,0
128166386562380000,Read,12288,3912,11947397120,hm,0
128166386562380000,Read,4096,3508,11948916736,hm,0
128166386562381000,Read,4096,3344,11948814336,hm,0
128166386562381000,Read,4096,2874,11948920832,hm,0
128166386562382000,Read,4096,1496,11948912640,hm,0
128166386562383000,Read,4096,1245,11955572736,hm,0
128166386562504000,Read,4096,36132,11956482048,hm,0
128166386562509000,Read,4096,31471,11955458048,hm,0
128166386562529000,Read,4096,11629,11952746496,hm,0
128166386562537000,Read,4096,3262,11947278336,hm,0
128166386562537000,Read,4096,3108,11956486144,hm,0
128166386562539000,Read,4096,1285,11955769344,hm,0
128166386562539000,Read,4096,1183,11955462144,hm,0
128166386562539000,Read,4096,908,11955777536,hm,0
128166386562539000,Read,4096,875,11955466240,hm,0
128166386562539000,Read,4096,864,11955773440,hm,0
128166386562638000,Read,65536,58465,11952754688,hm,0
128166386562652000,Read,4096,44139,11952750592,hm,0
128166386562693000,Read,4096,3454,11947282432,hm,0
128166386562818000,Read,16384,34411,11932270592,hm,0
128166386562819000,Read,8192,34104,11932364800,hm,0
128166386562821000,Read,32768,31745,11918299136,hm,0
128166386562919000,Read,16384,89910,11932192768,hm,0
128166386562976000,Read,32768,32780,11932000256,hm,0
128166386563003000,Read,32768,6380,11932033024,hm,0
128166386563003000,Read,32768,6233,11932160000,hm,0
128166386563003000,Read,32768,5991,11931967488,hm,0
128166386563004000,Read,16384,4546,11932209152,hm,0
128166386563005000,Read,16384,4127,11932319744,hm,0
128166386563005000,Read,16384,4123,11932348416,hm,0
128166386563094000,Read,16384,70872,11932299264,hm,0
128166386563095000,Read,32768,70352,11932082176,hm,0
128166386563160000,Read,32768,5237,11932114944,hm,0
128166386563161000,Read,12288,3756,11932286976,hm,0
128166386563162000,Read,12288,3632,11932147712,hm,0
128166386563162000,Read,4096,3176,11947388928,hm,0
128166386563249000,Read,4096,72421,11954335744,hm,0
128166386563270000,Read,4096,51867,11953963008,hm,0
128166386563316000,Read,16384,5142,11954339840,hm,0
128166386563318000,Read,8192,3491,11953967104,hm,0
128166386563318000,Read,4096,3182,11948785664,hm,0
128166386563318000,Read,4096,3130,11949006848,hm,0
128166386563318000,Read,4096,3072,11953987584,hm,0
128166386563319000,Read,4096,2858,11948789760,hm,0
128166386563320000,Read,4096,1465,11948761088,hm,0
128166386563320000,Read,4096,1388,11948756992,hm,0
128166386563421000,Read,4096,56798,11946696704,hm,0
128166386563422000,Read,8192,55252,11955232768,hm,0
128166386563474000,Read,8192,3615,11955240960,hm,0
128166386563475000,Read,4096,3122,11946831872,hm,0
128166386563475000,Read,4096,3122,11946700800,hm,0
128166386563477000,Read,4096,1074,11948769280,hm,0
128166386563477000,Read,4096,861,11948773376,hm,0
128166386563590000,Read,4096,44255,11955228672,hm,0
128166386563599000,Read,32768,34803,11924463616,hm,0
128166386563617000,Read,12288,16395,11948982272,hm,0
128166386561754000,Read,24576,5299,11958222848,hm,0
128166386561755000,Read,8192,3704,11958276096,hm,0
128166386561912000,Read,4096,3100,11958218752,hm,0
128166386561914000,Read,4096,1219,11948072960,hm,0
128166386561914000,Read,4096,894,11948077056,hm,0
128166386561914000,Read,4096,886,11948081152,hm,0
128166386561999000,Read,29184,72768,11960004608,hm,0
128166386562068000,Read,8192,3446,11960008704,hm,0
128166386562068000,Read,4096,3320,11960025088,hm,0
128166386562068000,Read,4096,3250,11960029184,hm,0
128166386562068000,Read,4096,3013,11960016896,hm,0
128166386562191000,Read,32768,36615,11935076352,hm,0
128166386562224000,Read,12288,4126,11935080448,hm,0
128166386562224000,Read,8192,3436,11935096832,hm,0
128166386562224000,Read,4096,3244,11960020992,hm,0
128166386562225000,Read,4096,3112,11935092736,hm,0
128166386562226000,Read,12288,1802,11948060672,hm,0
128166386562226000,Read,4096,1351,11961806848,hm,0
128166386562226000,Read,8192,1149,11948044288,hm,0
128166386562227000,Read,4096,980,11948040192,hm,0
128166386562227000,Read,4096,924,11948085248,hm,0
128166386562337000,Read,4096,46942,11955576832,hm,0
128166386562364000,Read,4096,19478,11947393024,hm,0
128166386562380000,Read,12288,3912,11947397120,hm,0
128166386562380000,Read,4096,3508,11948916736,hm,0
128166386562381000,Read,4096,3344,11948814336,hm,0
128166386562381000,Read,4096,2874,11948920832,hm,0
128166386562382000,Read,4096,1496,11948912640,hm,0
128166386562383000,Read,4096,1245,11955572736,hm,0
128166386562504000,Read,4096,36132,11956482048,hm,0
128166386562509000,Read,4096,31471,11955458048,hm,0
128166386562529000,Read,4096,11629,11952746496,hm,0
128166386562537000,Read,4096,3262,11947278336,hm,0
128166386562537000,Read,4096,3108,11956486144,hm,0
128166386562539000,Read,4096,1285,11955769344,hm,0
128166386562539000,Read,4096,1183,11955462144,hm,0
128166386562539000,Read,4096,908,11955777536,hm,0
128166386562539000,Read,4096,875,11955466240,hm,0
128166386562539000,Read,4096,864,11955773440,hm,0
128166386562638000,Read,65536,58465,11952754688,hm,0
128166386562652000,Read,4096,44139,11952750592,hm,0
128166386562693000,Read,4096,3454,11947282432,hm,0
128166386562818000,Read,16384,34411,11932270592,hm,0
128166386562819000,Read,8192,34104,11932364800,hm,0
128166386562821000,Read,32768,31745,11918299136,hm,0
128166386562919000,Read,16384,89910,11932192768,hm,0
128166386562976000,Read,32768,32780,11932000256,hm,0
128166386563003000,Read,32768,6380,11932033024,hm,0
128166386563003000,Read,32768,6233,11932160000,hm,0
128166386563003000,Read,32768,5991,11931967488,hm,0
128166386563004000,Read,16384,4546,11932209152,hm,0
128166386563005000,Read,16384,4127,11932319744,hm,0
128166386563629000,Read,12288,5246,11932336128,hm,0
128166386563632000,Write,1536,2121,11861127168,hm,0
128166386563632000,Write,4096,1940,11026329600,hm,0
128166386563632000,Read,4096,1785,11948978176,hm,0
128166386563632000,Write,3072,1524,9056014336,hm,0
128166386563633000,Write,3584,956,6263296000,hm,0
128166386563662000,Read,4096,284125,11953467392,hm,0
128166386564042000,Read,4096,60724,11953471488,hm,0
128166386564055000,Read,16384,47289,11923587072,hm,0
128166386564069000,Read,32768,33938,11926503424,hm,0
128166386564100000,Read,4096,3080,11932315648,hm,0
128166386564100000,Read,4096,3036,11923582976,hm,0
128166386564202000,Read,32768,57101,11926560768,hm,0
128166386564207000,Read,8192,52071,11923574784,hm,0
128166386564213000,Read,24576,45993,11926646784,hm,0
128166386564253000,Read,32768,6013,11926593536,hm,0
128166386564254000,Read,16384,4543,11923623936,hm,0
128166386564255000,Read,16384,4288,11923603456,hm,0
128166386564256000,Read,4096,3133,11953512448,hm,0
128166386564256000,Read,4096,3122,11923619840,hm,0
128166386564362000,Read,5632,53175,11936223232,hm,0
128166386564414000,Read,4096,1397,11948969984,hm,0
128166386564414000,Read,4096,1024,11948974080,hm,0
128166386564414000,Read,4096,884,11948765184,hm,0
128166386564517000,Read,4096,54229,630575104,hm,0
128166386564534000,Read,4096,37726,632983552,hm,0
128166386564546000,Read,4096,25392,632688640,hm,0
128166386564560000,Read,4096,11278,632197120,hm,0
128166386564561000,Read,65536,10057,632201216,hm,0
128166386564562000,Read,65536,9006,632692736,hm,0
128166386564567000,Read,8192,4561,630579200,hm,0
128166386564689000,Read,4096,38540,630804480,hm,0
128166386564704000,Read,4096,24113,642011136,hm,0
128166386564711000,Read,65536,16384,642015232,hm,0
128166386564714000,Read,12288,13747,644792320,hm,0
128166386564718000,Read,65536,9133,630808576,hm,0
128166386564719000,Read,65536,8600,632987648,hm,0
128166386564836000,Read,12288,47875,641880064,hm,0
128166386564836000,Read,4096,47672,641519616,hm,0
128166386564867000,Read,65536,16399,641523712,hm,0
128166386564997000,Read,32768,43299,295306240,hm,0
128166386565005000,Read,4096,34732,642338816,hm,0
128166386565030000,Read,65536,9842,642342912,hm,0
128166386565036000,Read,20480,4408,11926626304,hm,0
128166386565037000,Read,4096,3189,11953983488,hm,0
128166386565039000,Read,4096,1321,11948965888,hm,0
128166386565150000,Read,4096,46044,158515200,hm,0
128166386565154000,Read,1024,42322,177148416,hm,0
128166386565157000,Read,4096,39085,776830976,hm,0
128166386565160000,Read,29184,36811,177099776,hm,0
128166386565188000,Read,32768,8248,158520320,hm,0
128166386565191000,Read,4096,4987,158516224,hm,0
128166386565289000,Read,4096,63990,2625302528,hm,0
128166386565322000,Read,31232,30403,776897536,hm,0
128166386565330000,Read,4096,22282,776947712,hm,0
128166386565347000,Read,32768,6102,776832000,hm,0
128166386565454000,Read,32768,55243,687453184,hm,0
128166386565472000,Read,5632,36553,19506176,hm,0
128166386565478000,Read,4096,30522,2625298432,hm,0
128166386565479000,Read,2048,29994,687646720,hm,0
128166386565504000,Read,1024,5035,19512320,hm,0
128166386565607000,Read,32768,58316,776864768,hm,0
128166386565624000,Read,31744,41405,687604736,hm,0
128166386565626000,Read,32768,39259,687379456,hm,0
128166386565660000,Read,14848,4820,776932864,hm,0
128166386565660000,Read,15360,4631,177133056,hm,0
128166386565661000,Read,10240,4231,687636480,hm,0
128166386565661000,Read,4096,3879,776928768,hm,0
128166386565661000,Read,512,3682,19511808,hm,0
128166386565776000,Read,32768,45127,177067008,hm,0
128166386565777000,Read,32768,44845,158553088,hm,0
128166386565783000,Read,32768,38847,177955840,hm,0
128166386565815000,Read,32768,6512,687412224,hm,0
128166386565818000,Read,4096,3839,177128960,hm,0
128166386565917000,Read,32768,60493,687539200,hm,0
128166386565930000,Read,13312,47779,177942528,hm,0
128166386565961000,Read,32768,16488,687506432,hm,0
128166386565971000,Read,32768,6497,687571968,hm,0
128166386565973000,Read,7168,4665,158594048,hm,0
128166386566067000,Read,12288,67037,152137728,hm,0
128166386566106000,Read,4096,27621,57958400,hm,0
128166386566114000,Read,16384,19754,295179264,hm,0
128166386566117000,Read,32768,16811,295273472,hm,0
128166386566126000,Read,32768,7529,177996800,hm,0
128166386566128000,Read,32768,5967,295339008,hm,0
128166386566129000,Read,1024,5119,57969152,hm,0
128166386566130000,Read,9216,4142,57959424,hm,0
128166386566130000,Read,8192,4120,177988608,hm,0
128166386566130000,Read,512,3376,57968640,hm,0
128166386567279000,Read,4096,105300,11947511808,hm,0
128166386567380000,Read,4096,4187,11953979392,hm,0
128166386567381000,Read,4096,3111,11947515904,hm,0
128166386567381000,Read,4096,3076,11953393664,hm,0
128166386567495000,Read,4096,45127,11953836032,hm,0
128166386567516000,Read,4096,24212,11953397760,hm,0
128166386567521000,Read,4096,19458,11946393600,hm,0
128166386567527000,Read,4096,12755,11946598400,hm,0
128166386567537000,Read,4096,3293,11953356800,hm,0
128166386567537000,Read,4096,3198,11947266048,hm,0
128166386567537000,Read,4096,3096,11946594304,hm,0
128166386567537000,Read,4096,3042,11953360896,hm,0
128166386567537000,Read,4096,3006,11946602496,hm,0
128166386567537000,Read,4096,3000,11953401856,hm,0
128166386567537000,Read,4096,2961,11946397696,hm,0
128166386567537000,Read,4096,2953,11953840128,hm,0
128166386567693000,Read,4096,3584,11954331648,hm,0
128166386567693000,Read,8192,3464,11953414144,hm,0
128166386567693000,Read,4096,3239,11953848320,hm,0
128166386567693000,Read,4096,3205,11954057216,hm,0
128166386567693000,Read,4096,3184,11953410048,hm,0
128166386567693000,Read,4096,3104,11953999872,hm,0
128166386567693000,Read,4096,3098,11953352704,hm,0
128166386567693000,Read,4096,3034,11954061312,hm,0
128166386567693000,Read,4096,3007,11953852416,hm,0
128166386567754000,Read,12288,98342,11954380800,hm,0
128166386567825000,Read,4096,27332,11946545152,hm,0
128166386567849000,Read,4096,3654,11946262528,hm,0
128166386567849000,Read,4096,3499,11946549248,hm,0
128166386561754000,Read,24576,5299,11958222848,hm,0
128166386561755000,Read,8192,3704,11958276096,hm,0
128166386561912000,Read,4096,3100,11958218752,hm,0
128166386561914000,Read,4096,1219,11948072960,hm,0
128166386561914000,Read,4096,894,11948077056,hm,0
128166386561914000,Read,4096,886,11948081152,hm,0
128166386561999000,Read,29184,72768,11960004608,hm,0
128166386562068000,Read,8192,3446,11960008704,hm,0
128166386562068000,Read,4096,3320,11960025088,hm,0
128166386562068000,Read,4096,3250,11960029184,hm,0
128166386562068000,Read,4096,3013,11960016896,hm,0
128166386562191000,Read,32768,36615,11935076352,hm,0
128166386562224000,Read,12288,4126,11935080448,hm,0
128166386562224000,Read,8192,3436,11935096832,hm,0
128166386562224000,Read,4096,3244,11960020992,hm,0
128166386562225000,Read,4096,3112,11935092736,hm,0
128166386562226000,Read,12288,1802,11948060672,hm,0
128166386562226000,Read,4096,1351,11961806848,hm,0
128166386562226000,Read,8192,1149,11948044288,hm,0
128166386562227000,Read,4096,980,11948040192,hm,0
128166386562227000,Read,4096,924,11948085248,hm,0
128166386562337000,Read,4096,46942,11955576832,hm,0
128166386562364000,Read,4096,19478,11947393024,hm,0
128166386562380000,Read,12288,3912,11947397120,hm,0
128166386562380000,Read,4096,3508,11948916736,hm,0
128166386562381000,Read,4096,3344,11948814336,hm,0
128166386562381000,Read,4096,2874,11948920832,hm,0
128166386562382000,Read,4096,1496,11948912640,hm,0
128166386562383000,Read,4096,1245,11955572736,hm,0
128166386562504000,Read,4096,36132,11956482048,hm,0
128166386562509000,Read,4096,31471,11955458048,hm,0
128166386562529000,Read,4096,11629,11952746496,hm,0
128166386562537000,Read,4096,3262,11947278336,hm,0
128166386562537000,Read,4096,3108,11956486144,hm,0
128166386562539000,Read,4096,1285,11955769344,hm,0
128166386562539000,Read,4096,1183,11955462144,hm,0
128166386562539000,Read,4096,908,11955777536,hm,0
128166386562539000,Read,4096,875,11955466240,hm,0
128166386562539000,Read,4096,864,11955773440,hm,0
128166386562638000,Read,65536,58465,11952754688,hm,0
128166386562652000,Read,4096,44139,11952750592,hm,0
128166386562693000,Read,4096,3454,11947282432,hm,0
128166386562818000,Read,16384,34411,11932270592,hm,0
128166386562819000,Read,8192,34104,11932364800,hm,0
128166386562821000,Read,32768,31745,11918299136,hm,0
128166386562919000,Read,16384,89910,11932192768,hm,0
128166386562976000,Read,32768,32780,11932000256,hm,0
128166386563003000,Read,32768,6380,11932033024,hm,0
128166386563003000,Read,32768,6233,11932160000,hm,0
128166386563003000,Read,32768,5991,11931967488,hm,0
128166386563004000,Read,16384,4546,11932209152,hm,0
128166386563005000,Read,16384,4127,11932319744,hm,0
128166386561755000,Read,8192,3704,11958276096,hm,0
128166386561912000,Read,4096,3100,11958218752,hm,0
128166386561914000,Read,4096,1219,11948072960,hm,0
128166386561914000,Read,4096,894,11948077056,hm,0
128166386561914000,Read,4096,886,11948081152,hm,0
128166386561999000,Read,29184,72768,11960004608,hm,0
128166386562068000,Read,8192,3446,11960008704,hm,0
128166386562068000,Read,4096,3320,11960025088,hm,0
128166386562068000,Read,4096,3250,11960029184,hm,0
128166386562068000,Read,4096,3013,11960016896,hm,0
128166386562191000,Read,32768,36615,11935076352,hm,0
128166386562224000,Read,12288,4126,11935080448,hm,0
128166386562224000,Read,8192,3436,11935096832,hm,0
128166386562224000,Read,4096,3244,11960020992,hm,0
128166386562225000,Read,4096,3112,11935092736,hm,0
128166386562226000,Read,12288,1802,11948060672,hm,0
128166386562224000,Read,12288,4126,11935080448,hm,0
128166386562224000,Read,8192,3436,11935096832,hm,0
128166386562224000,Read,4096,3244,11960020992,hm,0
128166386562225000,Read,4096,3112,11935092736,hm,0
128166386562226000,Read,12288,1802,11948060672,hm,0
128166386562226000,Read,4096,1351,11961806848,hm,0
128166386562226000,Read,8192,1149,11948044288,hm,0
128166386562227000,Read,4096,980,11948040192,hm,0
128166386562227000,Read,4096,924,11948085248,hm,0
128166386562337000,Read,4096,46942,11955576832,hm,0
128166386562364000,Read,4096,19478,11947393024,hm,0
128166386562380000,Read,12288,3912,11947397120,hm,0
128166386562380000,Read,4096,3508,11948916736,hm,0
128166386562381000,Read,4096,3344,11948814336,hm,0
128166386562381000,Read,4096,2874,11948920832,hm,0
128166386562382000,Read,4096,1496,11948912640,hm,0
128166386562383000,Read,4096,1245,11955572736,hm,0
128166386562504000,Read,4096,36132,11956482048,hm,0
128166386562509000,Read,4096,31471,11955458048,hm,0
128166386562529000,Read,4096,11629,11952746496,hm,0
128166386562537000,Read,4096,3262,11947278336,hm,0
128166386562537000,Read,4096,3108,11956486144,hm,0
128166386562539000,Read,4096,1285,11955769344,hm,0
128166386562539000,Read,4096,1183,11955462144,hm,0
128166386562539000,Read,4096,908,11955777536,hm,0
128166386562539000,Read,4096,875,11955466240,hm,0
128166386562539000,Read,4096,864,11955773440,hm,0
128166386562638000,Read,65536,58465,11952754688,hm,0
128166386562652000,Read,4096,44139,11952750592,hm,0
128166386562693000,Read,4096,3454,11947282432,hm,0
128166386562818000,Read,16384,34411,11932270592,hm,0
128166386562819000,Read,8192,34104,11932364800,hm,0
128166386562821000,Read,32768,31745,11918299136,hm,0
128166386562919000,Read,16384,89910,11932192768,hm,0
128166386562976000,Read,32768,32780,11932000256,hm,0
128166386563003000,Read,32768,6380,11932033024,hm,0
128166386563003000,Read,32768,6233,11932160000,hm,0
128166386563003000,Read,32768,5991,11931967488,hm,0
128166386563004000,Read,16384,4546,11932209152,hm,0
128166386563005000,Read,16384,4127,11932319744,hm,0
128166386561755000,Read,8192,3704,11958276096,hm,0
128166386561912000,Read,4096,3100,11958218752,hm,0
128166386561914000,Read,4096,1219,11948072960,hm,0
128166386561914000,Read,4096,894,11948077056,hm,0
128166386561914000,Read,4096,886,11948081152,hm,0
128166386561999000,Read,29184,72768,11960004608,hm,0
128166386562068000,Read,8192,3446,11960008704,hm,0
128166386562068000,Read,4096,3320,11960025088,hm,0
128166386562068000,Read,4096,3250,11960029184,hm,0
128166386562068000,Read,4096,3013,11960016896,hm,0
128166386562191000,Read,32768,36615,11935076352,hm,0
128166386562224000,Read,12288,4126,11935080448,hm,0
128166386562224000,Read,8192,3436,11935096832,hm,0
128166386562224000,Read,4096,3244,11960020992,hm,0
128166386562225000,Read,4096,3112,11935092736,hm,0
128166386562226000,Read,12288,1802,11948060672,hm,0
128166386562226000,Read,4096,1351,11961806848,hm,0
128166386562226000,Read,8192,1149,11948044288,hm,0
128166386562227000,Read,4096,980,11948040192,hm,0
128166386562227000,Read,4096,924,11948085248,hm,0
128166386562337000,Read,4096,46942,11955576832,hm,0
128166386562364000,Read,4096,19478,11947393024,hm,0
128166386562380000,Read,12288,3912,11947397120,hm,0
128166386562380000,Read,4096,3508,11948916736,hm,0
128166386562381000,Read,4096,3344,11948814336,hm,0
128166386562381000,Read,4096,2874,11948920832,hm,0
128166386562382000,Read,4096,1496,11948912640,hm,0
128166386562383000,Read,4096,1245,11955572736,hm,0
128166386562504000,Read,4096,36132,11956482048,hm,0
128166386562509000,Read,4096,31471,11955458048,hm,0
128166386562529000,Read,4096,11629,11952746496,hm,0
128166386562537000,Read,4096,3262,11947278336,hm,0
128166386562537000,Read,4096,3108,11956486144,hm,0
128166386562539000,Read,4096,1285,11955769344,hm,0
128166386562539000,Read,4096,1183,11955462144,hm,0
128166386562539000,Read,4096,908,11955777536,hm,0
128166386562539000,Read,4096,875,11955466240,hm,0
128166386562539000,Read,4096,864,11955773440,hm,0
128166386562638000,Read,65536,58465,11952754688,hm,0
128166386562652000,Read,4096,44139,11952750592,hm,0
128166386562693000,Read,4096,3454,11947282432,hm,0
128166386562818000,Read,16384,34411,11932270592,hm,0
128166386562819000,Read,8192,34104,11932364800,hm,0
128166386562821000,Read,32768,31745,11918299136,hm,0
128166386562919000,Read,16384,89910,11932192768,hm,0
128166386562976000,Read,32768,32780,11932000256,hm,0
128166386563003000,Read,32768,6380,11932033024,hm,0
128166386563003000,Read,32768,6233,11932160000,hm,0
128166386563003000,Read,32768,5991,11931967488,hm,0
128166386563004000,Read,16384,4546,11932209152,hm,0
128166386563005000,Read,16384,4127,11932319744,hm,0
128166386561755000,Read,8192,3704,11958276096,hm,0
128166386561912000,Read,4096,3100,11958218752,hm,0
128166386561914000,Read,4096,1219,11948072960,hm,0
128166386561914000,Read,4096,894,11948077056,hm,0
128166386561914000,Read,4096,886,11948081152,hm,0
128166386561999000,Read,29184,72768,11960004608,hm,0
128166386562068000,Read,8192,3446,11960008704,hm,0
128166386562068000,Read,4096,3320,11960025088,hm,0
128166386562068000,Read,4096,3250,11960029184,hm,0
128166386562068000,Read,4096,3013,11960016896,hm,0
128166386562191000,Read,32768,36615,11935076352,hm,0
128166386562224000,Read,12288,4126,11935080448,hm,0
128166386562224000,Read,8192,3436,11935096832,hm,0
128166386562224000,Read,4096,3244,11960020992,hm,0
128166386562225000,Read,4096,3112,11935092736,hm,0
128166386562226000,Read,12288,1802,11948060672,hm,0
128166386562226000,Read,4096,1351,11961806848,hm,0
128166386562226000,Read,8192,1149,11948044288,hm,0
128166386562227000,Read,4096,980,11948040192,hm,0
128166386562227000,Read,4096,924,11948085248,hm,0
128166386562337000,Read,4096,46942,11955576832,hm,0
128166386562364000,Read,4096,19478,11947393024,hm,0
128166386562380000,Read,12288,3912,11947397120,hm,0
128166386562380000,Read,4096,3508,11948916736,hm,0
128166386562381000,Read,4096,3344,11948814336,hm,0
128166386562381000,Read,4096,2874,11948920832,hm,0
128166386562382000,Read,4096,1496,11948912640,hm,0
128166386562383000,Read,4096,1245,11955572736,hm,0
128166386562504000,Read,4096,36132,11956482048,hm,0
128166386562509000,Read,4096,31471,11955458048,hm,0
128166386562529000,Read,4096,11629,11952746496,hm,0
128166386562537000,Read,4096,3262,11947278336,hm,0
128166386562537000,Read,4096,3108,11956486144,hm,0
128166386562539000,Read,4096,1285,11955769344,hm,0
128166386562539000,Read,4096,1183,11955462144,hm,0
128166386562539000,Read,4096,908,11955777536,hm,0
128166386562539000,Read,4096,875,11955466240,hm,0
128166386562539000,Read,4096,864,11955773440,hm,0
128166386562638000,Read,65536,58465,11952754688,hm,0
128166386562652000,Read,4096,44139,11952750592,hm,0
128166386562693000,Read,4096,3454,11947282432,hm,0
128166386562818000,Read,16384,34411,11932270592,hm,0
128166386562819000,Read,8192,34104,11932364800,hm,0
128166386562821000,Read,32768,31745,11918299136,hm,0
128166386562919000,Read,16384,89910,11932192768,hm,0
128166386562976000,Read,32768,32780,11932000256,hm,0
128166386563003000,Read,32768,6380,11932033024,hm,0
128166386563003000,Read,32768,6233,11932160000,hm,0
128166386563003000,Read,32768,5991,11931967488,hm,0
128166386563004000,Read,16384,4546,11932209152,hm,0
128166386563005000,Read,16384,4127,11932319744,hm,0
128166386561755000,Read,8192,3704,11958276096,hm,0
128166386561912000,Read,4096,3100,11958218752,hm,0
128166386561914000,Read,4096,1219,11948072960,hm,0
128166386561914000,Read,4096,894,11948077056,hm,0
128166386561914000,Read,4096,886,11948081152,hm,0
128166386561999000,Read,29184,72768,11960004608,hm,0
128166386562068000,Read,8192,3446,11960008704,hm,0
128166386562068000,Read,4096,3320,11960025088,hm,0
128166386562068000,Read,4096,3250,11960029184,hm,0
128166386562068000,Read,4096,3013,11960016896,hm,0
128166386562191000,Read,32768,36615,11935076352,hm,0
128166386562224000,Read,12288,4126,11935080448,hm,0
128166386562224000,Read,8192,3436,11935096832,hm,0
128166386562224000,Read,4096,3244,11960020992,hm,0
128166386562225000,Read,4096,3112,11935092736,hm,0
128166386562226000,Read,12288,1802,11948060672,hm,0
128166386562226000,Read,4096,1351,11961806848,hm,0
128166386562226000,Read,8192,1149,11948044288,hm,0
128166386562227000,Read,4096,980,11948040192,hm,0
128166386562227000,Read,4096,924,11948085248,hm,0
128166386562337000,Read,4096,46942,11955576832,hm,0
128166386562364000,Read,4096,19478,11947393024,hm,0
128166386562380000,Read,12288,3912,11947397120,hm,0
128166386562380000,Read,4096,3508,11948916736,hm,0
128166386562381000,Read,4096,3344,11948814336,hm,0
128166386562381000,Read,4096,2874,11948920832,hm,0
128166386562382000,Read,4096,1496,11948912640,hm,0
128166386562383000,Read,4096,1245,11955572736,hm,0
128166386562504000,Read,4096,36132,11956482048,hm,0
128166386562509000,Read,4096,31471,11955458048,hm,0
128166386562529000,Read,4096,11629,11952746496,hm,0
128166386562537000,Read,4096,3262,11947278336,hm,0
128166386562537000,Read,4096,3108,11956486144,hm,0
128166386562539000,Read,4096,1285,11955769344,hm,0
128166386562539000,Read,4096,1183,11955462144,hm,0
128166386562539000,Read,4096,908,11955777536,hm,0
128166386562539000,Read,4096,875,11955466240,hm,0
128166386562539000,Read,4096,864,11955773440,hm,0
128166386562638000,Read,65536,58465,11952754688,hm,0
128166386562652000,Read,4096,44139,11952750592,hm,0
128166386562693000,Read,4096,3454,11947282432,hm,0
128166386562818000,Read,16384,34411,11932270592,hm,0
128166386562819000,Read,8192,34104,11932364800,hm,0
128166386562821000,Read,32768,31745,11918299136,hm,0
128166386562919000,Read,16384,89910,11932192768,hm,0
128166386562976000,Read,32768,32780,11932000256,hm,0
128166386562226000,Read,4096,1351,11961806848,hm,0
128166386562226000,Read,8192,1149,11948044288,hm,0
128166386562227000,Read,4096,980,11948040192,hm,0
128166386562227000,Read,4096,924,11948085248,hm,0
128166386562337000,Read,4096,46942,11955576832,hm,0
128166386562364000,Read,4096,19478,11947393024,hm,0
128166386562380000,Read,12288,3912,11947397120,hm,0
128166386562380000,Read,4096,3508,11948916736,hm,0
128166386562381000,Read,4096,3344,11948814336,hm,0
128166386562381000,Read,4096,2874,11948920832,hm,0
128166386562382000,Read,4096,1496,11948912640,hm,0
128166386562383000,Read,4096,1245,11955572736,hm,0
128166386562504000,Read,4096,36132,11956482048,hm,0
128166386562509000,Read,4096,31471,11955458048,hm,0
128166386562529000,Read,4096,11629,11952746496,hm,0
128166386562537000,Read,4096,3262,11947278336,hm,0
128166386562537000,Read,4096,3108,11956486144,hm,0
128166386562539000,Read,4096,1285,11955769344,hm,0
128166386562539000,Read,4096,1183,11955462144,hm,0
128166386562539000,Read,4096,908,11955777536,hm,0
128166386562539000,Read,4096,875,11955466240,hm,0
128166386562539000,Read,4096,864,11955773440,hm,0
128166386562638000,Read,65536,58465,11952754688,hm,0
128166386562652000,Read,4096,44139,11952750592,hm,0
128166386562693000,Read,4096,3454,11947282432,hm,0
128166386562818000,Read,16384,34411,11932270592,hm,0
128166386562819000,Read,8192,34104,11932364800,hm,0
128166386562821000,Read,32768,31745,11918299136,hm,0
128166386562919000,Read,16384,89910,11932192768,hm,0
128166386562976000,Read,32768,32780,11932000256,hm,0
128166386563003000,Read,32768,6380,11932033024,hm,0
128166386563003000,Read,32768,6233,11932160000,hm,0
128166386563003000,Read,32768,5991,11931967488,hm,0
128166386563004000,Read,16384,4546,11932209152,hm,0
128166386563005000,Read,16384,4127,11932319744,hm,0
128166386561755000,Read,8192,3704,11958276096,hm,0
128166386561912000,Read,4096,3100,11958218752,hm,0
128166386561914000,Read,4096,1219,11948072960,hm,0
128166386561914000,Read,4096,894,11948077056,hm,0
128166386561914000,Read,4096,886,11948081152,hm,0
128166386561999000,Read,29184,72768,11960004608,hm,0
128166386562068000,Read,8192,3446,11960008704,hm,0
128166386562068000,Read,4096,3320,11960025088,hm,0
128166386562068000,Read,4096,3250,11960029184,hm,0
128166386562068000,Read,4096,3013,11960016896,hm,0
128166386562191000,Read,32768,36615,11935076352,hm,0
128166386562224000,Read,12288,4126,11935080448,hm,0
128166386562224000,Read,8192,3436,11935096832,hm,0
128166386562224000,Read,4096,3244,11960020992,hm,0
128166386562225000,Read,4096,3112,11935092736,hm,0
128166386562226000,Read,12288,1802,11948060672,hm,0
128166386562226000,Read,4096,1351,11961806848,hm,0
128166386562226000,Read,8192,1149,11948044288,hm,0
128166386562227000,Read,4096,980,11948040192,hm,0
128166386562227000,Read,4096,924,11948085248,hm,0
128166386562337000,Read,4096,46942,11955576832,hm,0
128166386562364000,Read,4096,19478,11947393024,hm,0
128166386562380000,Read,12288,3912,11947397120,hm,0
128166386562380000,Read,4096,3508,11948916736,hm,0
128166386562381000,Read,4096,3344,11948814336,hm,0
128166386562381000,Read,4096,2874,11948920832,hm,0
128166386562382000,Read,4096,1496,11948912640,hm,0
128166386562383000,Read,4096,1245,11955572736,hm,0
128166386562504000,Read,4096,36132,11956482048,hm,0
128166386562509000,Read,4096,31471,11955458048,hm,0
128166386562529000,Read,4096,11629,11952746496,hm,0
128166386562537000,Read,4096,3262,11947278336,hm,0
128166386562537000,Read,4096,3108,11956486144,hm,0
128166386562539000,Read,4096,1285,11955769344,hm,0
128166386562539000,Read,4096,1183,11955462144,hm,0
128166386562539000,Read,4096,908,11955777536,hm,0
128166386562539000,Read,4096,875,11955466240,hm,0
128166386562539000,Read,4096,864,11955773440,hm,0
128166386562638000,Read,65536,58465,11952754688,hm,0
128166386562652000,Read,4096,44139,11952750592,hm,0
128166386562693000,Read,4096,3454,11947282432,hm,0
128166386562818000,Read,16384,34411,11932270592,hm,0
128166386562819000,Read,8192,34104,11932364800,hm,0
128166386562821000,Read,32768,31745,11918299136,hm,0
128166386562919000,Read,16384,89910,11932192768,hm,0
128166386562976000,Read,32768,32780,11932000256,hm,0
128166386563003000,Read,32768,6380,11932033024,hm,0
128166386563003000,Read,32768,6233,11932160000,hm,0
128166386563003000,Read,32768,5991,11931967488,hm,0
128166386563004000,Read,16384,4546,11932209152,hm,0
128166386563005000,Read,16384,4127,11932319744,hm,0
128166386561755000,Read,8192,3704,11958276096,hm,0
128166386561912000,Read,4096,3100,11958218752,hm,0
128166386561914000,Read,4096,1219,11948072960,hm,0
128166386561914000,Read,4096,894,11948077056,hm,0
128166386561914000,Read,4096,886,11948081152,hm,0
128166386561999000,Read,29184,72768,11960004608,hm,0
128166386562068000,Read,8192,3446,11960008704,hm,0
128166386562068000,Read,4096,3320,11960025088,hm,0
128166386562068000,Read,4096,3250,11960029184,hm,0
128166386562068000,Read,4096,3013,11960016896,hm,0
128166386562191000,Read,32768,36615,11935076352,hm,0
128166386562224000,Read,12288,4126,11935080448,hm,0
128166386562224000,Read,8192,3436,11935096832,hm,0
128166386562224000,Read,4096,3244,11960020992,hm,0
128166386562225000,Read,4096,3112,11935092736,hm,0
128166386562226000,Read,12288,1802,11948060672,hm,0
128166386562226000,Read,4096,1351,11961806848,hm,0
128166386562226000,Read,8192,1149,11948044288,hm,0
128166386562227000,Read,4096,980,11948040192,hm,0
128166386562227000,Read,4096,924,11948085248,hm,0
128166386562337000,Read,4096,46942,11955576832,hm,0
128166386562364000,Read,4096,19478,11947393024,hm,0
128166386562380000,Read,12288,3912,11947397120,hm,0
128166386562380000,Read,4096,3508,11948916736,hm,0
128166386562381000,Read,4096,3344,11948814336,hm,0
128166386562381000,Read,4096,2874,11948920832,hm,0
128166386562382000,Read,4096,1496,11948912640,hm,0
128166386562383000,Read,4096,1245,11955572736,hm,0
128166386562504000,Read,4096,36132,11956482048,hm,0
128166386562509000,Read,4096,31471,11955458048,hm,0
128166386562529000,Read,4096,11629,11952746496,hm,0
128166386562537000,Read,4096,3262,11947278336,hm,0
128166386562537000,Read,4096,3108,11956486144,hm,0
128166386562539000,Read,4096,1285,11955769344,hm,0
128166386562539000,Read,4096,1183,11955462144,hm,0
128166386562539000,Read,4096,908,11955777536,hm,0
128166386562539000,Read,4096,875,11955466240,hm,0
128166386562539000,Read,4096,864,11955773440,hm,0
128166386562638000,Read,65536,58465,11952754688,hm,0
128166386562652000,Read,4096,44139,11952750592,hm,0
128166386562693000,Read,4096,3454,11947282432,hm,0
128166386562818000,Read,16384,34411,11932270592,hm,0
128166386562819000,Read,8192,34104,11932364800,hm,0
128166386562821000,Read,32768,31745,11918299136,hm,0
128166386562919000,Read,16384,89910,11932192768,hm,0
128166386562976000,Read,32768,32780,11932000256,hm,0
128166386563003000,Read,32768,6380,11932033024,hm,0
128166386563003000,Read,32768,6233,11932160000,hm,0
128166386563003000,Read,32768,5991,11931967488,hm,0
128166386563004000,Read,16384,4546,11932209152,hm,0
128166386563005000,Read,16384,4127,11932319744,hm,0
128166386561755000,Read,8192,3704,11958276096,hm,0
128166386561912000,Read,4096,3100,11958218752,hm,0
128166386561914000,Read,4096,1219,11948072960,hm,0
128166386561914000,Read,4096,894,11948077056,hm,0
128166386561914000,Read,4096,886,11948081152,hm,0
128166386561999000,Read,29184,72768,11960004608,hm,0
128166386562068000,Read,8192,3446,11960008704,hm,0
128166386562068000,Read,4096,3320,11960025088,hm,0
128166386562068000,Read,4096,3250,11960029184,hm,0
128166386562068000,Read,4096,3013,11960016896,hm,0
128166386562191000,Read,32768,36615,11935076352,hm,0
128166386562224000,Read,12288,4126,11935080448,hm,0
128166386562224000,Read,8192,3436,11935096832,hm,0
128166386562224000,Read,4096,3244,11960020992,hm,0
128166386562225000,Read,4096,3112,11935092736,hm,0
128166386562226000,Read,12288,1802,11948060672,hm,0
128166386562226000,Read,4096,1351,11961806848,hm,0
128166386562226000,Read,8192,1149,11948044288,hm,0
128166386562227000,Read,4096,980,11948040192,hm,0
128166386562227000,Read,4096,924,11948085248,hm,0
128166386562337000,Read,4096,46942,11955576832,hm,0
128166386562364000,Read,4096,19478,11947393024,hm,0
128166386562380000,Read,12288,3912,11947397120,hm,0
128166386562380000,Read,4096,3508,11948916736,hm,0
128166386562381000,Read,4096,3344,11948814336,hm,0
128166386562381000,Read,4096,2874,11948920832,hm,0
128166386562382000,Read,4096,1496,11948912640,hm,0
128166386562383000,Read,4096,1245,11955572736,hm,0
128166386562504000,Read,4096,36132,11956482048,hm,0
128166386562509000,Read,4096,31471,11955458048,hm,0
128166386562529000,Read,4096,11629,11952746496,hm,0
128166386562537000,Read,4096,3262,11947278336,hm,0
128166386562537000,Read,4096,3108,11956486144,hm,0
128166386562539000,Read,4096,1285,11955769344,hm,0
128166386562539000,Read,4096,1183,11955462144,hm,0
128166386562539000,Read,4096,908,11955777536,hm,0
128166386562539000,Read,4096,875,11955466240,hm,0
128166386562539000,Read,4096,864,11955773440,hm,0
128166386562638000,Read,65536,58465,11952754688,hm,0
128166386562652000,Read,4096,44139,11952750592,hm,0
128166386562693000,Read,4096,3454,11947282432,hm,0
128166386562818000,Read,16384,34411,11932270592,hm,0
128166386562819000,Read,8192,34104,11932364800,hm,0
128166386562821000,Read,32768,31745,11918299136,hm,0
128166386562919000,Read,16384,89910,11932192768,hm,0
128166386562976000,Read,32768,32780,11932000256,hm,0
128166386563003000,Read,32768,6380,11932033024,hm,0
128166386563003000,Read,32768,6233,11932160000,hm,0
128166386563003000,Read,32768,5991,11931967488,hm,0
128166386563004000,Read,16384,4546,11932209152,hm,0
128166386563005000,Read,16384,4127,11932319744,hm,0