128166385996605000,Write,3072,887,1064436736,hm,0
128166385996605000,Write,4096,857,3154137088,hm,0
128166385996605000,Write,4096,853,200626176,hm,0
128166386001604000,Write,4096,2028,3224940544,hm,0
128166386005667000,Write,4608,1872,6263291904,hm,0
128166386015666000,Write,4096,2152,3260215296,hm,0
128166386015668000,Write,8192,1050,3229863936,hm,0
128166386562226000,Read,12288,1802,11948060672,hm,0
128166386562226000,Read,4096,1351,11961806848,hm,0
128166386562226000,Read,8192,1149,11948044288,hm,0
128166386562227000,Read,4096,980,11948040192,hm,0
128166386562227000,Read,4096,924,11948085248,hm,0
128166386562337000,Read,4096,46942,11955576832,hm,0
128166386562364000,Read,4096,19478,11947393024,hm,0
128166386562380000,Read,12288,3912,11947397120,hm,0
128166386562380000,Read,4096,3508,11948916736,hm,0
128166386562381000,Read,4096,3344,11948814336,hm,0
128166386562381000,Read,4096,2874,11948920832,hm,0
128166386562382000,Read,4096,1496,11948912640,hm,0
128166386562383000,Read,4096,1245,11955572736,hm,0
128166386562504000,Read,4096,36132,11956482048,hm,0
128166386562509000,Read,4096,31471,11955458048,hm,0
128166386562529000,Read,4096,11629,11952746496,hm,0
128166386562537000,Read,4096,3262,11947278336,hm,0
128166386562537000,Read,4096,3108,11956486144,hm,0
128166386562539000,Read,4096,1285,11955769344,hm,0
128166386562539000,Read,4096,1183,11955462144,hm,0
128166386562539000,Read,4096,908,11955777536,hm,0
128166386562539000,Read,4096,875,11955466240,hm,0
128166386562539000,Read,4096,864,11955773440,hm,0
128166386562638000,Read,65536,58465,11952754688,hm,0
128166386562652000,Read,4096,44139,11952750592,hm,0
128166386562693000,Read,4096,3454,11947282432,hm,0
128166386562818000,Read,16384,34411,11932270592,hm,0
128166386562819000,Read,8192,34104,11932364800,hm,0
128166386562821000,Read,32768,31745,11918299136,hm,0
128166386562919000,Read,16384,89910,11932192768,hm,0
128166386562976000,Read,32768,32780,11932000256,hm,0
128166386563003000,Read,32768,6380,11932033024,hm,0
128166386563003000,Read,32768,6233,11932160000,hm,0
128166386563003000,Read,32768,5991,11931967488,hm,0
128166386563004000,Read,16384,4546,11932209152,hm,0
128166386563005000,Read,16384,4127,11932319744,hm,0
128166386563629000,Read,12288,5246,11932336128,hm,0
128166386566067000,Read,12288,67037,152137728,hm,0
128166386566106000,Read,4096,27621,57958400,hm,0
128166386566114000,Read,16384,19754,295179264,hm,0
128166386566117000,Read,32768,16811,295273472,hm,0
128166386566126000,Read,32768,7529,177996800,hm,0
128166386566128000,Read,32768,5967,295339008,hm,0